ISO-10303-21;
HEADER;
/* Generated by software containing ST-Developer
 * from STEP Tools, Inc. (www.steptools.com) 
 */
/* OPTION: using custom renumber hook */

FILE_DESCRIPTION(
/* description */ ('STEP AP242 Edition 2',
'CAx-IF Rec.Pracs.---Representation and Presentation of Product Manufa
cturing Information (PMI)---4.0---2014-10-13',
'CAx-IF Rec.Pracs.---3D Tessellated Geometry---0.4---2014-09-14','2;1',
'CAx-IF Rec.Pracs.---User Defined Attributes---1.5---2016-08-15'),
/* implementation_level */ '2;1');

FILE_NAME(
/* name */ 'Marcropad_case',
/* time_stamp */ '2026-10-06T16:30:12Z',
/* author */ (''),
/* organization */ (''),
/* preprocessor_version */ 'ST-DEVELOPER v20',
/* originating_system */ 'ONSHAPE BY PTC INC, 1.221',
/* authorisation */ '  ');

FILE_SCHEMA (('AP242_MANAGED_MODEL_BASED_3D_ENGINEERING_MIM_LF { 1 0 10303 442 3 1 4 }'));
ENDSEC;

DATA;
#10=SHAPE_REPRESENTATION_RELATIONSHIP('','',#3314,#11);
#11=ADVANCED_BREP_SHAPE_REPRESENTATION('',(#3312),#5524);
#12=CYLINDRICAL_SURFACE('',#3406,0.003);
#13=CYLINDRICAL_SURFACE('',#3407,0.003);
#14=CYLINDRICAL_SURFACE('',#3409,0.0055);
#15=CYLINDRICAL_SURFACE('',#3410,0.0055);
#16=CYLINDRICAL_SURFACE('',#3411,0.0005);
#17=CYLINDRICAL_SURFACE('',#3414,0.0005);
#18=CYLINDRICAL_SURFACE('',#3417,0.0005);
#19=CYLINDRICAL_SURFACE('',#3420,0.0005);
#20=CYLINDRICAL_SURFACE('',#3422,0.0005);
#21=CYLINDRICAL_SURFACE('',#3425,0.0005);
#22=CYLINDRICAL_SURFACE('',#3428,0.0005);
#23=CYLINDRICAL_SURFACE('',#3431,0.0005);
#24=CYLINDRICAL_SURFACE('',#3433,0.0005);
#25=CYLINDRICAL_SURFACE('',#3436,0.0005);
#26=CYLINDRICAL_SURFACE('',#3439,0.0005);
#27=CYLINDRICAL_SURFACE('',#3442,0.0005);
#28=CYLINDRICAL_SURFACE('',#3444,0.0005);
#29=CYLINDRICAL_SURFACE('',#3447,0.0005);
#30=CYLINDRICAL_SURFACE('',#3450,0.0005);
#31=CYLINDRICAL_SURFACE('',#3453,0.0005);
#32=CYLINDRICAL_SURFACE('',#3455,0.0005);
#33=CYLINDRICAL_SURFACE('',#3458,0.0005);
#34=CYLINDRICAL_SURFACE('',#3461,0.0005);
#35=CYLINDRICAL_SURFACE('',#3464,0.0005);
#36=CYLINDRICAL_SURFACE('',#3466,0.0005);
#37=CYLINDRICAL_SURFACE('',#3469,0.0005);
#38=CYLINDRICAL_SURFACE('',#3472,0.0005);
#39=CYLINDRICAL_SURFACE('',#3475,0.0005);
#40=CYLINDRICAL_SURFACE('',#3477,0.0005);
#41=CYLINDRICAL_SURFACE('',#3480,0.0005);
#42=CYLINDRICAL_SURFACE('',#3483,0.0005);
#43=CYLINDRICAL_SURFACE('',#3486,0.0005);
#44=CYLINDRICAL_SURFACE('',#3488,0.0005);
#45=CYLINDRICAL_SURFACE('',#3491,0.0005);
#46=CYLINDRICAL_SURFACE('',#3494,0.0005);
#47=CYLINDRICAL_SURFACE('',#3497,0.0005);
#48=CYLINDRICAL_SURFACE('',#3499,0.0005);
#49=CYLINDRICAL_SURFACE('',#3502,0.0005);
#50=CYLINDRICAL_SURFACE('',#3505,0.0005);
#51=CYLINDRICAL_SURFACE('',#3508,0.0005);
#52=CYLINDRICAL_SURFACE('',#3510,0.0005);
#53=CYLINDRICAL_SURFACE('',#3513,0.0005);
#54=CYLINDRICAL_SURFACE('',#3516,0.0005);
#55=CYLINDRICAL_SURFACE('',#3519,0.0005);
#56=CYLINDRICAL_SURFACE('',#3521,0.0005);
#57=CYLINDRICAL_SURFACE('',#3524,0.0005);
#58=CYLINDRICAL_SURFACE('',#3527,0.0005);
#59=CYLINDRICAL_SURFACE('',#3530,0.0005);
#60=CYLINDRICAL_SURFACE('',#3532,0.0005);
#61=CYLINDRICAL_SURFACE('',#3535,0.0005);
#62=CYLINDRICAL_SURFACE('',#3538,0.0005);
#63=CYLINDRICAL_SURFACE('',#3541,0.0005);
#64=CYLINDRICAL_SURFACE('',#3543,0.0005);
#65=CYLINDRICAL_SURFACE('',#3546,0.0005);
#66=CYLINDRICAL_SURFACE('',#3549,0.0005);
#67=CYLINDRICAL_SURFACE('',#3552,0.0005);
#68=CYLINDRICAL_SURFACE('',#3554,0.0005);
#69=CYLINDRICAL_SURFACE('',#3557,0.0005);
#70=CYLINDRICAL_SURFACE('',#3560,0.0005);
#71=CYLINDRICAL_SURFACE('',#3563,0.0005);
#72=CYLINDRICAL_SURFACE('',#3565,0.0005);
#73=CYLINDRICAL_SURFACE('',#3568,0.0005);
#74=CYLINDRICAL_SURFACE('',#3571,0.0005);
#75=CYLINDRICAL_SURFACE('',#3574,0.0005);
#76=CYLINDRICAL_SURFACE('',#3576,0.0005);
#77=CYLINDRICAL_SURFACE('',#3579,0.0005);
#78=CYLINDRICAL_SURFACE('',#3582,0.000499999999999994);
#79=CYLINDRICAL_SURFACE('',#3585,0.0005);
#80=CYLINDRICAL_SURFACE('',#3604,0.00637436017431185);
#81=CYLINDRICAL_SURFACE('',#3605,0.00637436017431184);
#82=CYLINDRICAL_SURFACE('',#3606,0.0017);
#83=CYLINDRICAL_SURFACE('',#3607,0.0017);
#84=CYLINDRICAL_SURFACE('',#3624,0.00472713312914896);
#85=LINE('',#4580,#410);
#86=LINE('',#4583,#411);
#87=LINE('',#4585,#412);
#88=LINE('',#4587,#413);
#89=LINE('',#4592,#414);
#90=LINE('',#4595,#415);
#91=LINE('',#4597,#416);
#92=LINE('',#4599,#417);
#93=LINE('',#4600,#418);
#94=LINE('',#4603,#419);
#95=LINE('',#4605,#420);
#96=LINE('',#4607,#421);
#97=LINE('',#4608,#422);
#98=LINE('',#4611,#423);
#99=LINE('',#4613,#424);
#100=LINE('',#4617,#425);
#101=LINE('',#4623,#426);
#102=LINE('',#4625,#427);
#103=LINE('',#4627,#428);
#104=LINE('',#4629,#429);
#105=LINE('',#4631,#430);
#106=LINE('',#4635,#431);
#107=LINE('',#4637,#432);
#108=LINE('',#4639,#433);
#109=LINE('',#4641,#434);
#110=LINE('',#4643,#435);
#111=LINE('',#4645,#436);
#112=LINE('',#4648,#437);
#113=LINE('',#4650,#438);
#114=LINE('',#4652,#439);
#115=LINE('',#4656,#440);
#116=LINE('',#4660,#441);
#117=LINE('',#4664,#442);
#118=LINE('',#4668,#443);
#119=LINE('',#4672,#444);
#120=LINE('',#4676,#445);
#121=LINE('',#4680,#446);
#122=LINE('',#4684,#447);
#123=LINE('',#4688,#448);
#124=LINE('',#4692,#449);
#125=LINE('',#4696,#450);
#126=LINE('',#4700,#451);
#127=LINE('',#4704,#452);
#128=LINE('',#4708,#453);
#129=LINE('',#4712,#454);
#130=LINE('',#4716,#455);
#131=LINE('',#4720,#456);
#132=LINE('',#4724,#457);
#133=LINE('',#4728,#458);
#134=LINE('',#4732,#459);
#135=LINE('',#4736,#460);
#136=LINE('',#4740,#461);
#137=LINE('',#4744,#462);
#138=LINE('',#4748,#463);
#139=LINE('',#4752,#464);
#140=LINE('',#4756,#465);
#141=LINE('',#4760,#466);
#142=LINE('',#4764,#467);
#143=LINE('',#4768,#468);
#144=LINE('',#4772,#469);
#145=LINE('',#4776,#470);
#146=LINE('',#4780,#471);
#147=LINE('',#4784,#472);
#148=LINE('',#4788,#473);
#149=LINE('',#4792,#474);
#150=LINE('',#4796,#475);
#151=LINE('',#4800,#476);
#152=LINE('',#4804,#477);
#153=LINE('',#4808,#478);
#154=LINE('',#4812,#479);
#155=LINE('',#4816,#480);
#156=LINE('',#4820,#481);
#157=LINE('',#4824,#482);
#158=LINE('',#4828,#483);
#159=LINE('',#4832,#484);
#160=LINE('',#4836,#485);
#161=LINE('',#4840,#486);
#162=LINE('',#4844,#487);
#163=LINE('',#4848,#488);
#164=LINE('',#4852,#489);
#165=LINE('',#4856,#490);
#166=LINE('',#4860,#491);
#167=LINE('',#4864,#492);
#168=LINE('',#4868,#493);
#169=LINE('',#4872,#494);
#170=LINE('',#4876,#495);
#171=LINE('',#4880,#496);
#172=LINE('',#4884,#497);
#173=LINE('',#4888,#498);
#174=LINE('',#4892,#499);
#175=LINE('',#4896,#500);
#176=LINE('',#4900,#501);
#177=LINE('',#4904,#502);
#178=LINE('',#4908,#503);
#179=LINE('',#4913,#504);
#180=LINE('',#4916,#505);
#181=LINE('',#4924,#506);
#182=LINE('',#4927,#507);
#183=LINE('',#4929,#508);
#184=LINE('',#4931,#509);
#185=LINE('',#4936,#510);
#186=LINE('',#4939,#511);
#187=LINE('',#4941,#512);
#188=LINE('',#4943,#513);
#189=LINE('',#4944,#514);
#190=LINE('',#4947,#515);
#191=LINE('',#4949,#516);
#192=LINE('',#4951,#517);
#193=LINE('',#4953,#518);
#194=LINE('',#4954,#519);
#195=LINE('',#4956,#520);
#196=LINE('',#4958,#521);
#197=LINE('',#4965,#522);
#198=LINE('',#4969,#523);
#199=LINE('',#4971,#524);
#200=LINE('',#4973,#525);
#201=LINE('',#4975,#526);
#202=LINE('',#4979,#527);
#203=LINE('',#4981,#528);
#204=LINE('',#4983,#529);
#205=LINE('',#4987,#530);
#206=LINE('',#4989,#531);
#207=LINE('',#4991,#532);
#208=LINE('',#4995,#533);
#209=LINE('',#4999,#534);
#210=LINE('',#5001,#535);
#211=LINE('',#5003,#536);
#212=LINE('',#5005,#537);
#213=LINE('',#5009,#538);
#214=LINE('',#5011,#539);
#215=LINE('',#5013,#540);
#216=LINE('',#5017,#541);
#217=LINE('',#5019,#542);
#218=LINE('',#5021,#543);
#219=LINE('',#5025,#544);
#220=LINE('',#5029,#545);
#221=LINE('',#5031,#546);
#222=LINE('',#5033,#547);
#223=LINE('',#5035,#548);
#224=LINE('',#5039,#549);
#225=LINE('',#5041,#550);
#226=LINE('',#5043,#551);
#227=LINE('',#5047,#552);
#228=LINE('',#5049,#553);
#229=LINE('',#5051,#554);
#230=LINE('',#5055,#555);
#231=LINE('',#5059,#556);
#232=LINE('',#5061,#557);
#233=LINE('',#5063,#558);
#234=LINE('',#5065,#559);
#235=LINE('',#5069,#560);
#236=LINE('',#5071,#561);
#237=LINE('',#5073,#562);
#238=LINE('',#5077,#563);
#239=LINE('',#5079,#564);
#240=LINE('',#5081,#565);
#241=LINE('',#5085,#566);
#242=LINE('',#5089,#567);
#243=LINE('',#5091,#568);
#244=LINE('',#5093,#569);
#245=LINE('',#5095,#570);
#246=LINE('',#5099,#571);
#247=LINE('',#5101,#572);
#248=LINE('',#5103,#573);
#249=LINE('',#5107,#574);
#250=LINE('',#5109,#575);
#251=LINE('',#5111,#576);
#252=LINE('',#5115,#577);
#253=LINE('',#5119,#578);
#254=LINE('',#5121,#579);
#255=LINE('',#5123,#580);
#256=LINE('',#5125,#581);
#257=LINE('',#5129,#582);
#258=LINE('',#5131,#583);
#259=LINE('',#5133,#584);
#260=LINE('',#5137,#585);
#261=LINE('',#5139,#586);
#262=LINE('',#5141,#587);
#263=LINE('',#5145,#588);
#264=LINE('',#5149,#589);
#265=LINE('',#5151,#590);
#266=LINE('',#5153,#591);
#267=LINE('',#5155,#592);
#268=LINE('',#5159,#593);
#269=LINE('',#5161,#594);
#270=LINE('',#5163,#595);
#271=LINE('',#5167,#596);
#272=LINE('',#5169,#597);
#273=LINE('',#5171,#598);
#274=LINE('',#5175,#599);
#275=LINE('',#5179,#600);
#276=LINE('',#5181,#601);
#277=LINE('',#5183,#602);
#278=LINE('',#5185,#603);
#279=LINE('',#5189,#604);
#280=LINE('',#5191,#605);
#281=LINE('',#5193,#606);
#282=LINE('',#5197,#607);
#283=LINE('',#5199,#608);
#284=LINE('',#5201,#609);
#285=LINE('',#5205,#610);
#286=LINE('',#5209,#611);
#287=LINE('',#5211,#612);
#288=LINE('',#5213,#613);
#289=LINE('',#5215,#614);
#290=LINE('',#5219,#615);
#291=LINE('',#5221,#616);
#292=LINE('',#5223,#617);
#293=LINE('',#5227,#618);
#294=LINE('',#5229,#619);
#295=LINE('',#5231,#620);
#296=LINE('',#5235,#621);
#297=LINE('',#5239,#622);
#298=LINE('',#5241,#623);
#299=LINE('',#5243,#624);
#300=LINE('',#5245,#625);
#301=LINE('',#5249,#626);
#302=LINE('',#5251,#627);
#303=LINE('',#5253,#628);
#304=LINE('',#5257,#629);
#305=LINE('',#5259,#630);
#306=LINE('',#5261,#631);
#307=LINE('',#5265,#632);
#308=LINE('',#5269,#633);
#309=LINE('',#5271,#634);
#310=LINE('',#5273,#635);
#311=LINE('',#5275,#636);
#312=LINE('',#5279,#637);
#313=LINE('',#5281,#638);
#314=LINE('',#5283,#639);
#315=LINE('',#5287,#640);
#316=LINE('',#5289,#641);
#317=LINE('',#5291,#642);
#318=LINE('',#5295,#643);
#319=LINE('',#5299,#644);
#320=LINE('',#5301,#645);
#321=LINE('',#5303,#646);
#322=LINE('',#5305,#647);
#323=LINE('',#5309,#648);
#324=LINE('',#5311,#649);
#325=LINE('',#5313,#650);
#326=LINE('',#5317,#651);
#327=LINE('',#5319,#652);
#328=LINE('',#5321,#653);
#329=LINE('',#5325,#654);
#330=LINE('',#5329,#655);
#331=LINE('',#5331,#656);
#332=LINE('',#5333,#657);
#333=LINE('',#5335,#658);
#334=LINE('',#5339,#659);
#335=LINE('',#5341,#660);
#336=LINE('',#5343,#661);
#337=LINE('',#5347,#662);
#338=LINE('',#5349,#663);
#339=LINE('',#5351,#664);
#340=LINE('',#5355,#665);
#341=LINE('',#5359,#666);
#342=LINE('',#5361,#667);
#343=LINE('',#5363,#668);
#344=LINE('',#5365,#669);
#345=LINE('',#5369,#670);
#346=LINE('',#5371,#671);
#347=LINE('',#5373,#672);
#348=LINE('',#5377,#673);
#349=LINE('',#5379,#674);
#350=LINE('',#5381,#675);
#351=LINE('',#5385,#676);
#352=LINE('',#5389,#677);
#353=LINE('',#5391,#678);
#354=LINE('',#5393,#679);
#355=LINE('',#5395,#680);
#356=LINE('',#5399,#681);
#357=LINE('',#5401,#682);
#358=LINE('',#5403,#683);
#359=LINE('',#5407,#684);
#360=LINE('',#5409,#685);
#361=LINE('',#5411,#686);
#362=LINE('',#5415,#687);
#363=LINE('',#5419,#688);
#364=LINE('',#5421,#689);
#365=LINE('',#5423,#690);
#366=LINE('',#5425,#691);
#367=LINE('',#5429,#692);
#368=LINE('',#5431,#693);
#369=LINE('',#5433,#694);
#370=LINE('',#5437,#695);
#371=LINE('',#5439,#696);
#372=LINE('',#5441,#697);
#373=LINE('',#5445,#698);
#374=LINE('',#5447,#699);
#375=LINE('',#5449,#700);
#376=LINE('',#5451,#701);
#377=LINE('',#5453,#702);
#378=LINE('',#5455,#703);
#379=LINE('',#5457,#704);
#380=LINE('',#5459,#705);
#381=LINE('',#5461,#706);
#382=LINE('',#5463,#707);
#383=LINE('',#5465,#708);
#384=LINE('',#5467,#709);
#385=LINE('',#5469,#710);
#386=LINE('',#5471,#711);
#387=LINE('',#5473,#712);
#388=LINE('',#5475,#713);
#389=LINE('',#5477,#714);
#390=LINE('',#5480,#715);
#391=LINE('',#5482,#716);
#392=LINE('',#5484,#717);
#393=LINE('',#5486,#718);
#394=LINE('',#5488,#719);
#395=LINE('',#5493,#720);
#396=LINE('',#5494,#721);
#397=LINE('',#5496,#722);
#398=LINE('',#5498,#723);
#399=LINE('',#5501,#724);
#400=LINE('',#5502,#725);
#401=LINE('',#5504,#726);
#402=LINE('',#5506,#727);
#403=LINE('',#5509,#728);
#404=LINE('',#5510,#729);
#405=LINE('',#5512,#730);
#406=LINE('',#5514,#731);
#407=LINE('',#5517,#732);
#408=LINE('',#5519,#733);
#409=LINE('',#5520,#734);
#410=VECTOR('',#3637,1.);
#411=VECTOR('',#3638,1.);
#412=VECTOR('',#3639,1.);
#413=VECTOR('',#3640,1.);
#414=VECTOR('',#3645,1.);
#415=VECTOR('',#3646,1.);
#416=VECTOR('',#3647,1.);
#417=VECTOR('',#3648,1.);
#418=VECTOR('',#3649,1.);
#419=VECTOR('',#3650,1.);
#420=VECTOR('',#3651,1.);
#421=VECTOR('',#3652,1.);
#422=VECTOR('',#3653,1.);
#423=VECTOR('',#3654,1.);
#424=VECTOR('',#3655,1.);
#425=VECTOR('',#3658,1.);
#426=VECTOR('',#3665,1.);
#427=VECTOR('',#3666,1.);
#428=VECTOR('',#3667,1.);
#429=VECTOR('',#3668,1.);
#430=VECTOR('',#3669,1.);
#431=VECTOR('',#3674,1.);
#432=VECTOR('',#3675,1.);
#433=VECTOR('',#3676,1.);
#434=VECTOR('',#3677,1.);
#435=VECTOR('',#3678,1.);
#436=VECTOR('',#3681,1.);
#437=VECTOR('',#3682,1.);
#438=VECTOR('',#3683,1.);
#439=VECTOR('',#3684,1.);
#440=VECTOR('',#3687,1.);
#441=VECTOR('',#3690,1.);
#442=VECTOR('',#3693,1.);
#443=VECTOR('',#3696,1.);
#444=VECTOR('',#3699,1.);
#445=VECTOR('',#3702,1.);
#446=VECTOR('',#3705,1.);
#447=VECTOR('',#3708,1.);
#448=VECTOR('',#3711,1.);
#449=VECTOR('',#3714,1.);
#450=VECTOR('',#3717,1.);
#451=VECTOR('',#3720,1.);
#452=VECTOR('',#3723,1.);
#453=VECTOR('',#3726,1.);
#454=VECTOR('',#3729,1.);
#455=VECTOR('',#3732,1.);
#456=VECTOR('',#3735,1.);
#457=VECTOR('',#3738,1.);
#458=VECTOR('',#3741,1.);
#459=VECTOR('',#3744,1.);
#460=VECTOR('',#3747,1.);
#461=VECTOR('',#3750,1.);
#462=VECTOR('',#3753,1.);
#463=VECTOR('',#3756,1.);
#464=VECTOR('',#3759,1.);
#465=VECTOR('',#3762,1.);
#466=VECTOR('',#3765,1.);
#467=VECTOR('',#3768,1.);
#468=VECTOR('',#3771,1.);
#469=VECTOR('',#3774,1.);
#470=VECTOR('',#3777,1.);
#471=VECTOR('',#3780,1.);
#472=VECTOR('',#3783,1.);
#473=VECTOR('',#3786,1.);
#474=VECTOR('',#3789,1.);
#475=VECTOR('',#3792,1.);
#476=VECTOR('',#3795,1.);
#477=VECTOR('',#3798,1.);
#478=VECTOR('',#3801,1.);
#479=VECTOR('',#3804,1.);
#480=VECTOR('',#3807,1.);
#481=VECTOR('',#3810,1.);
#482=VECTOR('',#3813,1.);
#483=VECTOR('',#3816,1.);
#484=VECTOR('',#3819,1.);
#485=VECTOR('',#3822,1.);
#486=VECTOR('',#3825,1.);
#487=VECTOR('',#3828,1.);
#488=VECTOR('',#3831,1.);
#489=VECTOR('',#3834,1.);
#490=VECTOR('',#3837,1.);
#491=VECTOR('',#3840,1.);
#492=VECTOR('',#3843,1.);
#493=VECTOR('',#3846,1.);
#494=VECTOR('',#3849,1.);
#495=VECTOR('',#3852,1.);
#496=VECTOR('',#3855,1.);
#497=VECTOR('',#3858,1.);
#498=VECTOR('',#3861,1.);
#499=VECTOR('',#3864,1.);
#500=VECTOR('',#3867,1.);
#501=VECTOR('',#3870,1.);
#502=VECTOR('',#3873,1.);
#503=VECTOR('',#3876,1.);
#504=VECTOR('',#3881,1.);
#505=VECTOR('',#3884,1.);
#506=VECTOR('',#3893,1.);
#507=VECTOR('',#3894,1.);
#508=VECTOR('',#3895,1.);
#509=VECTOR('',#3896,1.);
#510=VECTOR('',#3901,1.);
#511=VECTOR('',#3902,1.);
#512=VECTOR('',#3903,1.);
#513=VECTOR('',#3904,1.);
#514=VECTOR('',#3905,1.);
#515=VECTOR('',#3906,1.);
#516=VECTOR('',#3907,1.);
#517=VECTOR('',#3908,1.);
#518=VECTOR('',#3911,1.);
#519=VECTOR('',#3912,1.);
#520=VECTOR('',#3915,1.);
#521=VECTOR('',#3918,1.);
#522=VECTOR('',#3931,1.);
#523=VECTOR('',#3934,1.);
#524=VECTOR('',#3937,1.);
#525=VECTOR('',#3938,1.);
#526=VECTOR('',#3941,1.);
#527=VECTOR('',#3946,1.);
#528=VECTOR('',#3947,1.);
#529=VECTOR('',#3950,1.);
#530=VECTOR('',#3955,1.);
#531=VECTOR('',#3956,1.);
#532=VECTOR('',#3959,1.);
#533=VECTOR('',#3964,1.);
#534=VECTOR('',#3967,1.);
#535=VECTOR('',#3970,1.);
#536=VECTOR('',#3971,1.);
#537=VECTOR('',#3974,1.);
#538=VECTOR('',#3979,1.);
#539=VECTOR('',#3980,1.);
#540=VECTOR('',#3983,1.);
#541=VECTOR('',#3988,1.);
#542=VECTOR('',#3989,1.);
#543=VECTOR('',#3992,1.);
#544=VECTOR('',#3997,1.);
#545=VECTOR('',#4000,1.);
#546=VECTOR('',#4003,1.);
#547=VECTOR('',#4004,1.);
#548=VECTOR('',#4007,1.);
#549=VECTOR('',#4012,1.);
#550=VECTOR('',#4013,1.);
#551=VECTOR('',#4016,1.);
#552=VECTOR('',#4021,1.);
#553=VECTOR('',#4022,1.);
#554=VECTOR('',#4025,1.);
#555=VECTOR('',#4030,1.);
#556=VECTOR('',#4033,1.);
#557=VECTOR('',#4036,1.);
#558=VECTOR('',#4037,1.);
#559=VECTOR('',#4040,1.);
#560=VECTOR('',#4045,1.);
#561=VECTOR('',#4046,1.);
#562=VECTOR('',#4049,1.);
#563=VECTOR('',#4054,1.);
#564=VECTOR('',#4055,1.);
#565=VECTOR('',#4058,1.);
#566=VECTOR('',#4063,1.);
#567=VECTOR('',#4066,1.);
#568=VECTOR('',#4069,1.);
#569=VECTOR('',#4070,1.);
#570=VECTOR('',#4073,1.);
#571=VECTOR('',#4078,1.);
#572=VECTOR('',#4079,1.);
#573=VECTOR('',#4082,1.);
#574=VECTOR('',#4087,1.);
#575=VECTOR('',#4088,1.);
#576=VECTOR('',#4091,1.);
#577=VECTOR('',#4096,1.);
#578=VECTOR('',#4099,1.);
#579=VECTOR('',#4102,1.);
#580=VECTOR('',#4103,1.);
#581=VECTOR('',#4106,1.);
#582=VECTOR('',#4111,1.);
#583=VECTOR('',#4112,1.);
#584=VECTOR('',#4115,1.);
#585=VECTOR('',#4120,1.);
#586=VECTOR('',#4121,1.);
#587=VECTOR('',#4124,1.);
#588=VECTOR('',#4129,1.);
#589=VECTOR('',#4132,1.);
#590=VECTOR('',#4135,1.);
#591=VECTOR('',#4136,1.);
#592=VECTOR('',#4139,1.);
#593=VECTOR('',#4144,1.);
#594=VECTOR('',#4145,1.);
#595=VECTOR('',#4148,1.);
#596=VECTOR('',#4153,1.);
#597=VECTOR('',#4154,1.);
#598=VECTOR('',#4157,1.);
#599=VECTOR('',#4162,1.);
#600=VECTOR('',#4165,1.);
#601=VECTOR('',#4168,1.);
#602=VECTOR('',#4169,1.);
#603=VECTOR('',#4172,1.);
#604=VECTOR('',#4177,1.);
#605=VECTOR('',#4178,1.);
#606=VECTOR('',#4181,1.);
#607=VECTOR('',#4186,1.);
#608=VECTOR('',#4187,1.);
#609=VECTOR('',#4190,1.);
#610=VECTOR('',#4195,1.);
#611=VECTOR('',#4198,1.);
#612=VECTOR('',#4201,1.);
#613=VECTOR('',#4202,1.);
#614=VECTOR('',#4205,1.);
#615=VECTOR('',#4210,1.);
#616=VECTOR('',#4211,1.);
#617=VECTOR('',#4214,1.);
#618=VECTOR('',#4219,1.);
#619=VECTOR('',#4220,1.);
#620=VECTOR('',#4223,1.);
#621=VECTOR('',#4228,1.);
#622=VECTOR('',#4231,1.);
#623=VECTOR('',#4234,1.);
#624=VECTOR('',#4235,1.);
#625=VECTOR('',#4238,1.);
#626=VECTOR('',#4243,1.);
#627=VECTOR('',#4244,1.);
#628=VECTOR('',#4247,1.);
#629=VECTOR('',#4252,1.);
#630=VECTOR('',#4253,1.);
#631=VECTOR('',#4256,1.);
#632=VECTOR('',#4261,1.);
#633=VECTOR('',#4264,1.);
#634=VECTOR('',#4267,1.);
#635=VECTOR('',#4268,1.);
#636=VECTOR('',#4271,1.);
#637=VECTOR('',#4276,1.);
#638=VECTOR('',#4277,1.);
#639=VECTOR('',#4280,1.);
#640=VECTOR('',#4285,1.);
#641=VECTOR('',#4286,1.);
#642=VECTOR('',#4289,1.);
#643=VECTOR('',#4294,1.);
#644=VECTOR('',#4297,1.);
#645=VECTOR('',#4300,1.);
#646=VECTOR('',#4301,1.);
#647=VECTOR('',#4304,1.);
#648=VECTOR('',#4309,1.);
#649=VECTOR('',#4310,1.);
#650=VECTOR('',#4313,1.);
#651=VECTOR('',#4318,1.);
#652=VECTOR('',#4319,1.);
#653=VECTOR('',#4322,1.);
#654=VECTOR('',#4327,1.);
#655=VECTOR('',#4330,1.);
#656=VECTOR('',#4333,1.);
#657=VECTOR('',#4334,1.);
#658=VECTOR('',#4337,1.);
#659=VECTOR('',#4342,1.);
#660=VECTOR('',#4343,1.);
#661=VECTOR('',#4346,1.);
#662=VECTOR('',#4351,1.);
#663=VECTOR('',#4352,1.);
#664=VECTOR('',#4355,1.);
#665=VECTOR('',#4360,1.);
#666=VECTOR('',#4363,1.);
#667=VECTOR('',#4366,1.);
#668=VECTOR('',#4367,1.);
#669=VECTOR('',#4370,1.);
#670=VECTOR('',#4375,1.);
#671=VECTOR('',#4376,1.);
#672=VECTOR('',#4379,1.);
#673=VECTOR('',#4384,1.);
#674=VECTOR('',#4385,1.);
#675=VECTOR('',#4388,1.);
#676=VECTOR('',#4393,1.);
#677=VECTOR('',#4396,1.);
#678=VECTOR('',#4399,1.);
#679=VECTOR('',#4400,1.);
#680=VECTOR('',#4403,1.);
#681=VECTOR('',#4408,1.);
#682=VECTOR('',#4409,1.);
#683=VECTOR('',#4412,1.);
#684=VECTOR('',#4417,1.);
#685=VECTOR('',#4418,1.);
#686=VECTOR('',#4421,1.);
#687=VECTOR('',#4426,1.);
#688=VECTOR('',#4429,1.);
#689=VECTOR('',#4432,1.);
#690=VECTOR('',#4433,1.);
#691=VECTOR('',#4436,1.);
#692=VECTOR('',#4441,1.);
#693=VECTOR('',#4442,1.);
#694=VECTOR('',#4445,1.);
#695=VECTOR('',#4450,1.);
#696=VECTOR('',#4451,1.);
#697=VECTOR('',#4454,1.);
#698=VECTOR('',#4459,1.);
#699=VECTOR('',#4462,1.);
#700=VECTOR('',#4465,1.);
#701=VECTOR('',#4468,1.);
#702=VECTOR('',#4471,1.);
#703=VECTOR('',#4474,1.);
#704=VECTOR('',#4477,1.);
#705=VECTOR('',#4480,1.);
#706=VECTOR('',#4483,1.);
#707=VECTOR('',#4486,1.);
#708=VECTOR('',#4489,1.);
#709=VECTOR('',#4492,1.);
#710=VECTOR('',#4495,1.);
#711=VECTOR('',#4498,1.);
#712=VECTOR('',#4501,1.);
#713=VECTOR('',#4504,1.);
#714=VECTOR('',#4507,1.);
#715=VECTOR('',#4508,1.);
#716=VECTOR('',#4509,1.);
#717=VECTOR('',#4510,1.);
#718=VECTOR('',#4513,1.);
#719=VECTOR('',#4516,1.);
#720=VECTOR('',#4525,1.);
#721=VECTOR('',#4526,1.);
#722=VECTOR('',#4529,1.);
#723=VECTOR('',#4532,1.);
#724=VECTOR('',#4537,1.);
#725=VECTOR('',#4538,1.);
#726=VECTOR('',#4541,1.);
#727=VECTOR('',#4544,1.);
#728=VECTOR('',#4549,1.);
#729=VECTOR('',#4550,1.);
#730=VECTOR('',#4553,1.);
#731=VECTOR('',#4556,1.);
#732=VECTOR('',#4561,1.);
#733=VECTOR('',#4564,1.);
#734=VECTOR('',#4565,1.);
#735=ORIENTED_EDGE('',*,*,#1677,.F.);
#736=ORIENTED_EDGE('',*,*,#1678,.F.);
#737=ORIENTED_EDGE('',*,*,#1679,.F.);
#738=ORIENTED_EDGE('',*,*,#1680,.F.);
#739=ORIENTED_EDGE('',*,*,#1681,.F.);
#740=ORIENTED_EDGE('',*,*,#1682,.T.);
#741=ORIENTED_EDGE('',*,*,#1683,.T.);
#742=ORIENTED_EDGE('',*,*,#1684,.F.);
#743=ORIENTED_EDGE('',*,*,#1685,.F.);
#744=ORIENTED_EDGE('',*,*,#1686,.F.);
#745=ORIENTED_EDGE('',*,*,#1687,.F.);
#746=ORIENTED_EDGE('',*,*,#1688,.T.);
#747=ORIENTED_EDGE('',*,*,#1689,.T.);
#748=ORIENTED_EDGE('',*,*,#1690,.F.);
#749=ORIENTED_EDGE('',*,*,#1691,.F.);
#750=ORIENTED_EDGE('',*,*,#1692,.T.);
#751=ORIENTED_EDGE('',*,*,#1693,.T.);
#752=ORIENTED_EDGE('',*,*,#1694,.F.);
#753=ORIENTED_EDGE('',*,*,#1695,.T.);
#754=ORIENTED_EDGE('',*,*,#1696,.T.);
#755=ORIENTED_EDGE('',*,*,#1697,.F.);
#756=ORIENTED_EDGE('',*,*,#1698,.T.);
#757=ORIENTED_EDGE('',*,*,#1699,.F.);
#758=ORIENTED_EDGE('',*,*,#1700,.T.);
#759=ORIENTED_EDGE('',*,*,#1701,.F.);
#760=ORIENTED_EDGE('',*,*,#1695,.F.);
#761=ORIENTED_EDGE('',*,*,#1702,.T.);
#762=ORIENTED_EDGE('',*,*,#1703,.T.);
#763=ORIENTED_EDGE('',*,*,#1704,.T.);
#764=ORIENTED_EDGE('',*,*,#1705,.T.);
#765=ORIENTED_EDGE('',*,*,#1706,.T.);
#766=ORIENTED_EDGE('',*,*,#1697,.T.);
#767=ORIENTED_EDGE('',*,*,#1707,.T.);
#768=ORIENTED_EDGE('',*,*,#1708,.F.);
#769=ORIENTED_EDGE('',*,*,#1709,.F.);
#770=ORIENTED_EDGE('',*,*,#1710,.F.);
#771=ORIENTED_EDGE('',*,*,#1711,.F.);
#772=ORIENTED_EDGE('',*,*,#1712,.F.);
#773=ORIENTED_EDGE('',*,*,#1713,.T.);
#774=ORIENTED_EDGE('',*,*,#1714,.T.);
#775=ORIENTED_EDGE('',*,*,#1715,.F.);
#776=ORIENTED_EDGE('',*,*,#1716,.F.);
#777=ORIENTED_EDGE('',*,*,#1717,.T.);
#778=ORIENTED_EDGE('',*,*,#1718,.T.);
#779=ORIENTED_EDGE('',*,*,#1719,.T.);
#780=ORIENTED_EDGE('',*,*,#1720,.T.);
#781=ORIENTED_EDGE('',*,*,#1721,.T.);
#782=ORIENTED_EDGE('',*,*,#1722,.F.);
#783=ORIENTED_EDGE('',*,*,#1723,.T.);
#784=ORIENTED_EDGE('',*,*,#1724,.F.);
#785=ORIENTED_EDGE('',*,*,#1725,.T.);
#786=ORIENTED_EDGE('',*,*,#1726,.T.);
#787=ORIENTED_EDGE('',*,*,#1727,.T.);
#788=ORIENTED_EDGE('',*,*,#1728,.T.);
#789=ORIENTED_EDGE('',*,*,#1729,.T.);
#790=ORIENTED_EDGE('',*,*,#1730,.F.);
#791=ORIENTED_EDGE('',*,*,#1731,.T.);
#792=ORIENTED_EDGE('',*,*,#1732,.F.);
#793=ORIENTED_EDGE('',*,*,#1733,.T.);
#794=ORIENTED_EDGE('',*,*,#1734,.T.);
#795=ORIENTED_EDGE('',*,*,#1735,.T.);
#796=ORIENTED_EDGE('',*,*,#1736,.T.);
#797=ORIENTED_EDGE('',*,*,#1737,.T.);
#798=ORIENTED_EDGE('',*,*,#1738,.F.);
#799=ORIENTED_EDGE('',*,*,#1739,.T.);
#800=ORIENTED_EDGE('',*,*,#1740,.F.);
#801=ORIENTED_EDGE('',*,*,#1741,.T.);
#802=ORIENTED_EDGE('',*,*,#1742,.T.);
#803=ORIENTED_EDGE('',*,*,#1743,.T.);
#804=ORIENTED_EDGE('',*,*,#1744,.T.);
#805=ORIENTED_EDGE('',*,*,#1745,.T.);
#806=ORIENTED_EDGE('',*,*,#1746,.F.);
#807=ORIENTED_EDGE('',*,*,#1747,.T.);
#808=ORIENTED_EDGE('',*,*,#1748,.F.);
#809=ORIENTED_EDGE('',*,*,#1749,.T.);
#810=ORIENTED_EDGE('',*,*,#1750,.T.);
#811=ORIENTED_EDGE('',*,*,#1751,.T.);
#812=ORIENTED_EDGE('',*,*,#1752,.T.);
#813=ORIENTED_EDGE('',*,*,#1753,.T.);
#814=ORIENTED_EDGE('',*,*,#1754,.F.);
#815=ORIENTED_EDGE('',*,*,#1755,.T.);
#816=ORIENTED_EDGE('',*,*,#1756,.F.);
#817=ORIENTED_EDGE('',*,*,#1757,.T.);
#818=ORIENTED_EDGE('',*,*,#1758,.T.);
#819=ORIENTED_EDGE('',*,*,#1759,.T.);
#820=ORIENTED_EDGE('',*,*,#1760,.T.);
#821=ORIENTED_EDGE('',*,*,#1761,.T.);
#822=ORIENTED_EDGE('',*,*,#1762,.F.);
#823=ORIENTED_EDGE('',*,*,#1763,.T.);
#824=ORIENTED_EDGE('',*,*,#1764,.F.);
#825=ORIENTED_EDGE('',*,*,#1765,.T.);
#826=ORIENTED_EDGE('',*,*,#1766,.T.);
#827=ORIENTED_EDGE('',*,*,#1767,.T.);
#828=ORIENTED_EDGE('',*,*,#1768,.T.);
#829=ORIENTED_EDGE('',*,*,#1769,.T.);
#830=ORIENTED_EDGE('',*,*,#1770,.F.);
#831=ORIENTED_EDGE('',*,*,#1771,.T.);
#832=ORIENTED_EDGE('',*,*,#1772,.F.);
#833=ORIENTED_EDGE('',*,*,#1773,.T.);
#834=ORIENTED_EDGE('',*,*,#1774,.T.);
#835=ORIENTED_EDGE('',*,*,#1775,.T.);
#836=ORIENTED_EDGE('',*,*,#1776,.T.);
#837=ORIENTED_EDGE('',*,*,#1777,.T.);
#838=ORIENTED_EDGE('',*,*,#1778,.F.);
#839=ORIENTED_EDGE('',*,*,#1779,.T.);
#840=ORIENTED_EDGE('',*,*,#1780,.F.);
#841=ORIENTED_EDGE('',*,*,#1781,.T.);
#842=ORIENTED_EDGE('',*,*,#1782,.T.);
#843=ORIENTED_EDGE('',*,*,#1783,.T.);
#844=ORIENTED_EDGE('',*,*,#1784,.T.);
#845=ORIENTED_EDGE('',*,*,#1785,.T.);
#846=ORIENTED_EDGE('',*,*,#1786,.F.);
#847=ORIENTED_EDGE('',*,*,#1787,.T.);
#848=ORIENTED_EDGE('',*,*,#1788,.F.);
#849=ORIENTED_EDGE('',*,*,#1789,.T.);
#850=ORIENTED_EDGE('',*,*,#1790,.T.);
#851=ORIENTED_EDGE('',*,*,#1791,.T.);
#852=ORIENTED_EDGE('',*,*,#1792,.T.);
#853=ORIENTED_EDGE('',*,*,#1793,.T.);
#854=ORIENTED_EDGE('',*,*,#1794,.F.);
#855=ORIENTED_EDGE('',*,*,#1795,.T.);
#856=ORIENTED_EDGE('',*,*,#1796,.F.);
#857=ORIENTED_EDGE('',*,*,#1797,.T.);
#858=ORIENTED_EDGE('',*,*,#1798,.T.);
#859=ORIENTED_EDGE('',*,*,#1799,.T.);
#860=ORIENTED_EDGE('',*,*,#1800,.T.);
#861=ORIENTED_EDGE('',*,*,#1801,.T.);
#862=ORIENTED_EDGE('',*,*,#1802,.F.);
#863=ORIENTED_EDGE('',*,*,#1803,.T.);
#864=ORIENTED_EDGE('',*,*,#1804,.F.);
#865=ORIENTED_EDGE('',*,*,#1805,.T.);
#866=ORIENTED_EDGE('',*,*,#1806,.T.);
#867=ORIENTED_EDGE('',*,*,#1807,.T.);
#868=ORIENTED_EDGE('',*,*,#1808,.T.);
#869=ORIENTED_EDGE('',*,*,#1809,.T.);
#870=ORIENTED_EDGE('',*,*,#1810,.F.);
#871=ORIENTED_EDGE('',*,*,#1811,.T.);
#872=ORIENTED_EDGE('',*,*,#1812,.F.);
#873=ORIENTED_EDGE('',*,*,#1813,.T.);
#874=ORIENTED_EDGE('',*,*,#1814,.T.);
#875=ORIENTED_EDGE('',*,*,#1815,.T.);
#876=ORIENTED_EDGE('',*,*,#1816,.T.);
#877=ORIENTED_EDGE('',*,*,#1817,.T.);
#878=ORIENTED_EDGE('',*,*,#1818,.F.);
#879=ORIENTED_EDGE('',*,*,#1819,.T.);
#880=ORIENTED_EDGE('',*,*,#1820,.F.);
#881=ORIENTED_EDGE('',*,*,#1821,.T.);
#882=ORIENTED_EDGE('',*,*,#1822,.T.);
#883=ORIENTED_EDGE('',*,*,#1823,.T.);
#884=ORIENTED_EDGE('',*,*,#1824,.T.);
#885=ORIENTED_EDGE('',*,*,#1825,.T.);
#886=ORIENTED_EDGE('',*,*,#1826,.F.);
#887=ORIENTED_EDGE('',*,*,#1827,.T.);
#888=ORIENTED_EDGE('',*,*,#1828,.F.);
#889=ORIENTED_EDGE('',*,*,#1829,.T.);
#890=ORIENTED_EDGE('',*,*,#1830,.T.);
#891=ORIENTED_EDGE('',*,*,#1831,.T.);
#892=ORIENTED_EDGE('',*,*,#1832,.T.);
#893=ORIENTED_EDGE('',*,*,#1833,.T.);
#894=ORIENTED_EDGE('',*,*,#1834,.F.);
#895=ORIENTED_EDGE('',*,*,#1835,.T.);
#896=ORIENTED_EDGE('',*,*,#1836,.F.);
#897=ORIENTED_EDGE('',*,*,#1837,.T.);
#898=ORIENTED_EDGE('',*,*,#1838,.T.);
#899=ORIENTED_EDGE('',*,*,#1839,.T.);
#900=ORIENTED_EDGE('',*,*,#1840,.T.);
#901=ORIENTED_EDGE('',*,*,#1841,.T.);
#902=ORIENTED_EDGE('',*,*,#1842,.F.);
#903=ORIENTED_EDGE('',*,*,#1843,.T.);
#904=ORIENTED_EDGE('',*,*,#1844,.F.);
#905=ORIENTED_EDGE('',*,*,#1845,.T.);
#906=ORIENTED_EDGE('',*,*,#1846,.T.);
#907=ORIENTED_EDGE('',*,*,#1847,.F.);
#908=ORIENTED_EDGE('',*,*,#1703,.F.);
#909=ORIENTED_EDGE('',*,*,#1848,.F.);
#910=ORIENTED_EDGE('',*,*,#1849,.T.);
#911=ORIENTED_EDGE('',*,*,#1850,.F.);
#912=ORIENTED_EDGE('',*,*,#1711,.T.);
#913=ORIENTED_EDGE('',*,*,#1851,.F.);
#914=ORIENTED_EDGE('',*,*,#1852,.F.);
#915=ORIENTED_EDGE('',*,*,#1853,.F.);
#916=ORIENTED_EDGE('',*,*,#1854,.T.);
#917=ORIENTED_EDGE('',*,*,#1855,.T.);
#918=ORIENTED_EDGE('',*,*,#1856,.F.);
#919=ORIENTED_EDGE('',*,*,#1857,.F.);
#920=ORIENTED_EDGE('',*,*,#1858,.F.);
#921=ORIENTED_EDGE('',*,*,#1859,.F.);
#922=ORIENTED_EDGE('',*,*,#1860,.T.);
#923=ORIENTED_EDGE('',*,*,#1861,.T.);
#924=ORIENTED_EDGE('',*,*,#1862,.F.);
#925=ORIENTED_EDGE('',*,*,#1863,.T.);
#926=ORIENTED_EDGE('',*,*,#1864,.T.);
#927=ORIENTED_EDGE('',*,*,#1865,.F.);
#928=ORIENTED_EDGE('',*,*,#1866,.F.);
#929=ORIENTED_EDGE('',*,*,#1867,.T.);
#930=ORIENTED_EDGE('',*,*,#1856,.T.);
#931=ORIENTED_EDGE('',*,*,#1868,.F.);
#932=ORIENTED_EDGE('',*,*,#1681,.T.);
#933=ORIENTED_EDGE('',*,*,#1855,.F.);
#934=ORIENTED_EDGE('',*,*,#1869,.F.);
#935=ORIENTED_EDGE('',*,*,#1682,.F.);
#936=ORIENTED_EDGE('',*,*,#1868,.T.);
#937=ORIENTED_EDGE('',*,*,#1854,.F.);
#938=ORIENTED_EDGE('',*,*,#1870,.F.);
#939=ORIENTED_EDGE('',*,*,#1683,.F.);
#940=ORIENTED_EDGE('',*,*,#1869,.T.);
#941=ORIENTED_EDGE('',*,*,#1679,.T.);
#942=ORIENTED_EDGE('',*,*,#1851,.T.);
#943=ORIENTED_EDGE('',*,*,#1680,.T.);
#944=ORIENTED_EDGE('',*,*,#1852,.T.);
#945=ORIENTED_EDGE('',*,*,#1870,.T.);
#946=ORIENTED_EDGE('',*,*,#1853,.T.);
#947=ORIENTED_EDGE('',*,*,#1867,.F.);
#948=ORIENTED_EDGE('',*,*,#1684,.T.);
#949=ORIENTED_EDGE('',*,*,#1686,.T.);
#950=ORIENTED_EDGE('',*,*,#1857,.T.);
#951=ORIENTED_EDGE('',*,*,#1685,.T.);
#952=ORIENTED_EDGE('',*,*,#1858,.T.);
#953=ORIENTED_EDGE('',*,*,#1837,.F.);
#954=ORIENTED_EDGE('',*,*,#1871,.F.);
#955=ORIENTED_EDGE('',*,*,#1872,.T.);
#956=ORIENTED_EDGE('',*,*,#1873,.T.);
#957=ORIENTED_EDGE('',*,*,#1844,.T.);
#958=ORIENTED_EDGE('',*,*,#1874,.F.);
#959=ORIENTED_EDGE('',*,*,#1875,.F.);
#960=ORIENTED_EDGE('',*,*,#1871,.T.);
#961=ORIENTED_EDGE('',*,*,#1843,.F.);
#962=ORIENTED_EDGE('',*,*,#1876,.F.);
#963=ORIENTED_EDGE('',*,*,#1877,.T.);
#964=ORIENTED_EDGE('',*,*,#1874,.T.);
#965=ORIENTED_EDGE('',*,*,#1842,.T.);
#966=ORIENTED_EDGE('',*,*,#1878,.F.);
#967=ORIENTED_EDGE('',*,*,#1879,.F.);
#968=ORIENTED_EDGE('',*,*,#1876,.T.);
#969=ORIENTED_EDGE('',*,*,#1841,.F.);
#970=ORIENTED_EDGE('',*,*,#1880,.F.);
#971=ORIENTED_EDGE('',*,*,#1881,.T.);
#972=ORIENTED_EDGE('',*,*,#1878,.T.);
#973=ORIENTED_EDGE('',*,*,#1840,.F.);
#974=ORIENTED_EDGE('',*,*,#1882,.F.);
#975=ORIENTED_EDGE('',*,*,#1883,.T.);
#976=ORIENTED_EDGE('',*,*,#1880,.T.);
#977=ORIENTED_EDGE('',*,*,#1839,.F.);
#978=ORIENTED_EDGE('',*,*,#1884,.F.);
#979=ORIENTED_EDGE('',*,*,#1885,.T.);
#980=ORIENTED_EDGE('',*,*,#1882,.T.);
#981=ORIENTED_EDGE('',*,*,#1829,.F.);
#982=ORIENTED_EDGE('',*,*,#1886,.F.);
#983=ORIENTED_EDGE('',*,*,#1887,.T.);
#984=ORIENTED_EDGE('',*,*,#1888,.T.);
#985=ORIENTED_EDGE('',*,*,#1836,.T.);
#986=ORIENTED_EDGE('',*,*,#1889,.F.);
#987=ORIENTED_EDGE('',*,*,#1890,.F.);
#988=ORIENTED_EDGE('',*,*,#1886,.T.);
#989=ORIENTED_EDGE('',*,*,#1835,.F.);
#990=ORIENTED_EDGE('',*,*,#1891,.F.);
#991=ORIENTED_EDGE('',*,*,#1892,.T.);
#992=ORIENTED_EDGE('',*,*,#1889,.T.);
#993=ORIENTED_EDGE('',*,*,#1834,.T.);
#994=ORIENTED_EDGE('',*,*,#1893,.F.);
#995=ORIENTED_EDGE('',*,*,#1894,.F.);
#996=ORIENTED_EDGE('',*,*,#1891,.T.);
#997=ORIENTED_EDGE('',*,*,#1833,.F.);
#998=ORIENTED_EDGE('',*,*,#1895,.F.);
#999=ORIENTED_EDGE('',*,*,#1896,.T.);
#1000=ORIENTED_EDGE('',*,*,#1893,.T.);
#1001=ORIENTED_EDGE('',*,*,#1832,.F.);
#1002=ORIENTED_EDGE('',*,*,#1897,.F.);
#1003=ORIENTED_EDGE('',*,*,#1898,.T.);
#1004=ORIENTED_EDGE('',*,*,#1895,.T.);
#1005=ORIENTED_EDGE('',*,*,#1831,.F.);
#1006=ORIENTED_EDGE('',*,*,#1899,.F.);
#1007=ORIENTED_EDGE('',*,*,#1900,.T.);
#1008=ORIENTED_EDGE('',*,*,#1897,.T.);
#1009=ORIENTED_EDGE('',*,*,#1821,.F.);
#1010=ORIENTED_EDGE('',*,*,#1901,.F.);
#1011=ORIENTED_EDGE('',*,*,#1902,.T.);
#1012=ORIENTED_EDGE('',*,*,#1903,.T.);
#1013=ORIENTED_EDGE('',*,*,#1828,.T.);
#1014=ORIENTED_EDGE('',*,*,#1904,.F.);
#1015=ORIENTED_EDGE('',*,*,#1905,.F.);
#1016=ORIENTED_EDGE('',*,*,#1901,.T.);
#1017=ORIENTED_EDGE('',*,*,#1827,.F.);
#1018=ORIENTED_EDGE('',*,*,#1906,.F.);
#1019=ORIENTED_EDGE('',*,*,#1907,.T.);
#1020=ORIENTED_EDGE('',*,*,#1904,.T.);
#1021=ORIENTED_EDGE('',*,*,#1826,.T.);
#1022=ORIENTED_EDGE('',*,*,#1908,.F.);
#1023=ORIENTED_EDGE('',*,*,#1909,.F.);
#1024=ORIENTED_EDGE('',*,*,#1906,.T.);
#1025=ORIENTED_EDGE('',*,*,#1825,.F.);
#1026=ORIENTED_EDGE('',*,*,#1910,.F.);
#1027=ORIENTED_EDGE('',*,*,#1911,.T.);
#1028=ORIENTED_EDGE('',*,*,#1908,.T.);
#1029=ORIENTED_EDGE('',*,*,#1824,.F.);
#1030=ORIENTED_EDGE('',*,*,#1912,.F.);
#1031=ORIENTED_EDGE('',*,*,#1913,.T.);
#1032=ORIENTED_EDGE('',*,*,#1910,.T.);
#1033=ORIENTED_EDGE('',*,*,#1823,.F.);
#1034=ORIENTED_EDGE('',*,*,#1914,.F.);
#1035=ORIENTED_EDGE('',*,*,#1915,.T.);
#1036=ORIENTED_EDGE('',*,*,#1912,.T.);
#1037=ORIENTED_EDGE('',*,*,#1813,.F.);
#1038=ORIENTED_EDGE('',*,*,#1916,.F.);
#1039=ORIENTED_EDGE('',*,*,#1917,.T.);
#1040=ORIENTED_EDGE('',*,*,#1918,.T.);
#1041=ORIENTED_EDGE('',*,*,#1820,.T.);
#1042=ORIENTED_EDGE('',*,*,#1919,.F.);
#1043=ORIENTED_EDGE('',*,*,#1920,.F.);
#1044=ORIENTED_EDGE('',*,*,#1916,.T.);
#1045=ORIENTED_EDGE('',*,*,#1819,.F.);
#1046=ORIENTED_EDGE('',*,*,#1921,.F.);
#1047=ORIENTED_EDGE('',*,*,#1922,.T.);
#1048=ORIENTED_EDGE('',*,*,#1919,.T.);
#1049=ORIENTED_EDGE('',*,*,#1818,.T.);
#1050=ORIENTED_EDGE('',*,*,#1923,.F.);
#1051=ORIENTED_EDGE('',*,*,#1924,.F.);
#1052=ORIENTED_EDGE('',*,*,#1921,.T.);
#1053=ORIENTED_EDGE('',*,*,#1817,.F.);
#1054=ORIENTED_EDGE('',*,*,#1925,.F.);
#1055=ORIENTED_EDGE('',*,*,#1926,.T.);
#1056=ORIENTED_EDGE('',*,*,#1923,.T.);
#1057=ORIENTED_EDGE('',*,*,#1816,.F.);
#1058=ORIENTED_EDGE('',*,*,#1927,.F.);
#1059=ORIENTED_EDGE('',*,*,#1928,.T.);
#1060=ORIENTED_EDGE('',*,*,#1925,.T.);
#1061=ORIENTED_EDGE('',*,*,#1815,.F.);
#1062=ORIENTED_EDGE('',*,*,#1929,.F.);
#1063=ORIENTED_EDGE('',*,*,#1930,.T.);
#1064=ORIENTED_EDGE('',*,*,#1927,.T.);
#1065=ORIENTED_EDGE('',*,*,#1805,.F.);
#1066=ORIENTED_EDGE('',*,*,#1931,.F.);
#1067=ORIENTED_EDGE('',*,*,#1932,.T.);
#1068=ORIENTED_EDGE('',*,*,#1933,.T.);
#1069=ORIENTED_EDGE('',*,*,#1812,.T.);
#1070=ORIENTED_EDGE('',*,*,#1934,.F.);
#1071=ORIENTED_EDGE('',*,*,#1935,.F.);
#1072=ORIENTED_EDGE('',*,*,#1931,.T.);
#1073=ORIENTED_EDGE('',*,*,#1811,.F.);
#1074=ORIENTED_EDGE('',*,*,#1936,.F.);
#1075=ORIENTED_EDGE('',*,*,#1937,.T.);
#1076=ORIENTED_EDGE('',*,*,#1934,.T.);
#1077=ORIENTED_EDGE('',*,*,#1810,.T.);
#1078=ORIENTED_EDGE('',*,*,#1938,.F.);
#1079=ORIENTED_EDGE('',*,*,#1939,.F.);
#1080=ORIENTED_EDGE('',*,*,#1936,.T.);
#1081=ORIENTED_EDGE('',*,*,#1809,.F.);
#1082=ORIENTED_EDGE('',*,*,#1940,.F.);
#1083=ORIENTED_EDGE('',*,*,#1941,.T.);
#1084=ORIENTED_EDGE('',*,*,#1938,.T.);
#1085=ORIENTED_EDGE('',*,*,#1808,.F.);
#1086=ORIENTED_EDGE('',*,*,#1942,.F.);
#1087=ORIENTED_EDGE('',*,*,#1943,.T.);
#1088=ORIENTED_EDGE('',*,*,#1940,.T.);
#1089=ORIENTED_EDGE('',*,*,#1807,.F.);
#1090=ORIENTED_EDGE('',*,*,#1944,.F.);
#1091=ORIENTED_EDGE('',*,*,#1945,.T.);
#1092=ORIENTED_EDGE('',*,*,#1942,.T.);
#1093=ORIENTED_EDGE('',*,*,#1797,.F.);
#1094=ORIENTED_EDGE('',*,*,#1946,.F.);
#1095=ORIENTED_EDGE('',*,*,#1947,.T.);
#1096=ORIENTED_EDGE('',*,*,#1948,.T.);
#1097=ORIENTED_EDGE('',*,*,#1804,.T.);
#1098=ORIENTED_EDGE('',*,*,#1949,.F.);
#1099=ORIENTED_EDGE('',*,*,#1950,.F.);
#1100=ORIENTED_EDGE('',*,*,#1946,.T.);
#1101=ORIENTED_EDGE('',*,*,#1803,.F.);
#1102=ORIENTED_EDGE('',*,*,#1951,.F.);
#1103=ORIENTED_EDGE('',*,*,#1952,.T.);
#1104=ORIENTED_EDGE('',*,*,#1949,.T.);
#1105=ORIENTED_EDGE('',*,*,#1802,.T.);
#1106=ORIENTED_EDGE('',*,*,#1953,.F.);
#1107=ORIENTED_EDGE('',*,*,#1954,.F.);
#1108=ORIENTED_EDGE('',*,*,#1951,.T.);
#1109=ORIENTED_EDGE('',*,*,#1801,.F.);
#1110=ORIENTED_EDGE('',*,*,#1955,.F.);
#1111=ORIENTED_EDGE('',*,*,#1956,.T.);
#1112=ORIENTED_EDGE('',*,*,#1953,.T.);
#1113=ORIENTED_EDGE('',*,*,#1800,.F.);
#1114=ORIENTED_EDGE('',*,*,#1957,.F.);
#1115=ORIENTED_EDGE('',*,*,#1958,.T.);
#1116=ORIENTED_EDGE('',*,*,#1955,.T.);
#1117=ORIENTED_EDGE('',*,*,#1799,.F.);
#1118=ORIENTED_EDGE('',*,*,#1959,.F.);
#1119=ORIENTED_EDGE('',*,*,#1960,.T.);
#1120=ORIENTED_EDGE('',*,*,#1957,.T.);
#1121=ORIENTED_EDGE('',*,*,#1789,.F.);
#1122=ORIENTED_EDGE('',*,*,#1961,.F.);
#1123=ORIENTED_EDGE('',*,*,#1962,.T.);
#1124=ORIENTED_EDGE('',*,*,#1963,.T.);
#1125=ORIENTED_EDGE('',*,*,#1796,.T.);
#1126=ORIENTED_EDGE('',*,*,#1964,.F.);
#1127=ORIENTED_EDGE('',*,*,#1965,.F.);
#1128=ORIENTED_EDGE('',*,*,#1961,.T.);
#1129=ORIENTED_EDGE('',*,*,#1795,.F.);
#1130=ORIENTED_EDGE('',*,*,#1966,.F.);
#1131=ORIENTED_EDGE('',*,*,#1967,.T.);
#1132=ORIENTED_EDGE('',*,*,#1964,.T.);
#1133=ORIENTED_EDGE('',*,*,#1794,.T.);
#1134=ORIENTED_EDGE('',*,*,#1968,.F.);
#1135=ORIENTED_EDGE('',*,*,#1969,.F.);
#1136=ORIENTED_EDGE('',*,*,#1966,.T.);
#1137=ORIENTED_EDGE('',*,*,#1793,.F.);
#1138=ORIENTED_EDGE('',*,*,#1970,.F.);
#1139=ORIENTED_EDGE('',*,*,#1971,.T.);
#1140=ORIENTED_EDGE('',*,*,#1968,.T.);
#1141=ORIENTED_EDGE('',*,*,#1792,.F.);
#1142=ORIENTED_EDGE('',*,*,#1972,.F.);
#1143=ORIENTED_EDGE('',*,*,#1973,.T.);
#1144=ORIENTED_EDGE('',*,*,#1970,.T.);
#1145=ORIENTED_EDGE('',*,*,#1791,.F.);
#1146=ORIENTED_EDGE('',*,*,#1974,.F.);
#1147=ORIENTED_EDGE('',*,*,#1975,.T.);
#1148=ORIENTED_EDGE('',*,*,#1972,.T.);
#1149=ORIENTED_EDGE('',*,*,#1781,.F.);
#1150=ORIENTED_EDGE('',*,*,#1976,.F.);
#1151=ORIENTED_EDGE('',*,*,#1977,.T.);
#1152=ORIENTED_EDGE('',*,*,#1978,.T.);
#1153=ORIENTED_EDGE('',*,*,#1788,.T.);
#1154=ORIENTED_EDGE('',*,*,#1979,.F.);
#1155=ORIENTED_EDGE('',*,*,#1980,.F.);
#1156=ORIENTED_EDGE('',*,*,#1976,.T.);
#1157=ORIENTED_EDGE('',*,*,#1787,.F.);
#1158=ORIENTED_EDGE('',*,*,#1981,.F.);
#1159=ORIENTED_EDGE('',*,*,#1982,.T.);
#1160=ORIENTED_EDGE('',*,*,#1979,.T.);
#1161=ORIENTED_EDGE('',*,*,#1786,.T.);
#1162=ORIENTED_EDGE('',*,*,#1983,.F.);
#1163=ORIENTED_EDGE('',*,*,#1984,.F.);
#1164=ORIENTED_EDGE('',*,*,#1981,.T.);
#1165=ORIENTED_EDGE('',*,*,#1785,.F.);
#1166=ORIENTED_EDGE('',*,*,#1985,.F.);
#1167=ORIENTED_EDGE('',*,*,#1986,.T.);
#1168=ORIENTED_EDGE('',*,*,#1983,.T.);
#1169=ORIENTED_EDGE('',*,*,#1784,.F.);
#1170=ORIENTED_EDGE('',*,*,#1987,.F.);
#1171=ORIENTED_EDGE('',*,*,#1988,.T.);
#1172=ORIENTED_EDGE('',*,*,#1985,.T.);
#1173=ORIENTED_EDGE('',*,*,#1783,.F.);
#1174=ORIENTED_EDGE('',*,*,#1989,.F.);
#1175=ORIENTED_EDGE('',*,*,#1990,.T.);
#1176=ORIENTED_EDGE('',*,*,#1987,.T.);
#1177=ORIENTED_EDGE('',*,*,#1773,.F.);
#1178=ORIENTED_EDGE('',*,*,#1991,.F.);
#1179=ORIENTED_EDGE('',*,*,#1992,.T.);
#1180=ORIENTED_EDGE('',*,*,#1993,.T.);
#1181=ORIENTED_EDGE('',*,*,#1780,.T.);
#1182=ORIENTED_EDGE('',*,*,#1994,.F.);
#1183=ORIENTED_EDGE('',*,*,#1995,.F.);
#1184=ORIENTED_EDGE('',*,*,#1991,.T.);
#1185=ORIENTED_EDGE('',*,*,#1779,.F.);
#1186=ORIENTED_EDGE('',*,*,#1996,.F.);
#1187=ORIENTED_EDGE('',*,*,#1997,.T.);
#1188=ORIENTED_EDGE('',*,*,#1994,.T.);
#1189=ORIENTED_EDGE('',*,*,#1778,.T.);
#1190=ORIENTED_EDGE('',*,*,#1998,.F.);
#1191=ORIENTED_EDGE('',*,*,#1999,.F.);
#1192=ORIENTED_EDGE('',*,*,#1996,.T.);
#1193=ORIENTED_EDGE('',*,*,#1777,.F.);
#1194=ORIENTED_EDGE('',*,*,#2000,.F.);
#1195=ORIENTED_EDGE('',*,*,#2001,.T.);
#1196=ORIENTED_EDGE('',*,*,#1998,.T.);
#1197=ORIENTED_EDGE('',*,*,#1776,.F.);
#1198=ORIENTED_EDGE('',*,*,#2002,.F.);
#1199=ORIENTED_EDGE('',*,*,#2003,.T.);
#1200=ORIENTED_EDGE('',*,*,#2000,.T.);
#1201=ORIENTED_EDGE('',*,*,#1775,.F.);
#1202=ORIENTED_EDGE('',*,*,#2004,.F.);
#1203=ORIENTED_EDGE('',*,*,#2005,.T.);
#1204=ORIENTED_EDGE('',*,*,#2002,.T.);
#1205=ORIENTED_EDGE('',*,*,#1765,.F.);
#1206=ORIENTED_EDGE('',*,*,#2006,.F.);
#1207=ORIENTED_EDGE('',*,*,#2007,.T.);
#1208=ORIENTED_EDGE('',*,*,#2008,.T.);
#1209=ORIENTED_EDGE('',*,*,#1772,.T.);
#1210=ORIENTED_EDGE('',*,*,#2009,.F.);
#1211=ORIENTED_EDGE('',*,*,#2010,.F.);
#1212=ORIENTED_EDGE('',*,*,#2006,.T.);
#1213=ORIENTED_EDGE('',*,*,#1771,.F.);
#1214=ORIENTED_EDGE('',*,*,#2011,.F.);
#1215=ORIENTED_EDGE('',*,*,#2012,.T.);
#1216=ORIENTED_EDGE('',*,*,#2009,.T.);
#1217=ORIENTED_EDGE('',*,*,#1770,.T.);
#1218=ORIENTED_EDGE('',*,*,#2013,.F.);
#1219=ORIENTED_EDGE('',*,*,#2014,.F.);
#1220=ORIENTED_EDGE('',*,*,#2011,.T.);
#1221=ORIENTED_EDGE('',*,*,#1769,.F.);
#1222=ORIENTED_EDGE('',*,*,#2015,.F.);
#1223=ORIENTED_EDGE('',*,*,#2016,.T.);
#1224=ORIENTED_EDGE('',*,*,#2013,.T.);
#1225=ORIENTED_EDGE('',*,*,#1768,.F.);
#1226=ORIENTED_EDGE('',*,*,#2017,.F.);
#1227=ORIENTED_EDGE('',*,*,#2018,.T.);
#1228=ORIENTED_EDGE('',*,*,#2015,.T.);
#1229=ORIENTED_EDGE('',*,*,#1767,.F.);
#1230=ORIENTED_EDGE('',*,*,#2019,.F.);
#1231=ORIENTED_EDGE('',*,*,#2020,.T.);
#1232=ORIENTED_EDGE('',*,*,#2017,.T.);
#1233=ORIENTED_EDGE('',*,*,#1757,.F.);
#1234=ORIENTED_EDGE('',*,*,#2021,.F.);
#1235=ORIENTED_EDGE('',*,*,#2022,.T.);
#1236=ORIENTED_EDGE('',*,*,#2023,.T.);
#1237=ORIENTED_EDGE('',*,*,#1764,.T.);
#1238=ORIENTED_EDGE('',*,*,#2024,.F.);
#1239=ORIENTED_EDGE('',*,*,#2025,.F.);
#1240=ORIENTED_EDGE('',*,*,#2021,.T.);
#1241=ORIENTED_EDGE('',*,*,#1763,.F.);
#1242=ORIENTED_EDGE('',*,*,#2026,.F.);
#1243=ORIENTED_EDGE('',*,*,#2027,.T.);
#1244=ORIENTED_EDGE('',*,*,#2024,.T.);
#1245=ORIENTED_EDGE('',*,*,#1762,.T.);
#1246=ORIENTED_EDGE('',*,*,#2028,.F.);
#1247=ORIENTED_EDGE('',*,*,#2029,.F.);
#1248=ORIENTED_EDGE('',*,*,#2026,.T.);
#1249=ORIENTED_EDGE('',*,*,#1761,.F.);
#1250=ORIENTED_EDGE('',*,*,#2030,.F.);
#1251=ORIENTED_EDGE('',*,*,#2031,.T.);
#1252=ORIENTED_EDGE('',*,*,#2028,.T.);
#1253=ORIENTED_EDGE('',*,*,#1760,.F.);
#1254=ORIENTED_EDGE('',*,*,#2032,.F.);
#1255=ORIENTED_EDGE('',*,*,#2033,.T.);
#1256=ORIENTED_EDGE('',*,*,#2030,.T.);
#1257=ORIENTED_EDGE('',*,*,#1759,.F.);
#1258=ORIENTED_EDGE('',*,*,#2034,.F.);
#1259=ORIENTED_EDGE('',*,*,#2035,.T.);
#1260=ORIENTED_EDGE('',*,*,#2032,.T.);
#1261=ORIENTED_EDGE('',*,*,#1749,.F.);
#1262=ORIENTED_EDGE('',*,*,#2036,.F.);
#1263=ORIENTED_EDGE('',*,*,#2037,.T.);
#1264=ORIENTED_EDGE('',*,*,#2038,.T.);
#1265=ORIENTED_EDGE('',*,*,#1756,.T.);
#1266=ORIENTED_EDGE('',*,*,#2039,.F.);
#1267=ORIENTED_EDGE('',*,*,#2040,.F.);
#1268=ORIENTED_EDGE('',*,*,#2036,.T.);
#1269=ORIENTED_EDGE('',*,*,#1755,.F.);
#1270=ORIENTED_EDGE('',*,*,#2041,.F.);
#1271=ORIENTED_EDGE('',*,*,#2042,.T.);
#1272=ORIENTED_EDGE('',*,*,#2039,.T.);
#1273=ORIENTED_EDGE('',*,*,#1754,.T.);
#1274=ORIENTED_EDGE('',*,*,#2043,.F.);
#1275=ORIENTED_EDGE('',*,*,#2044,.F.);
#1276=ORIENTED_EDGE('',*,*,#2041,.T.);
#1277=ORIENTED_EDGE('',*,*,#1753,.F.);
#1278=ORIENTED_EDGE('',*,*,#2045,.F.);
#1279=ORIENTED_EDGE('',*,*,#2046,.T.);
#1280=ORIENTED_EDGE('',*,*,#2043,.T.);
#1281=ORIENTED_EDGE('',*,*,#1752,.F.);
#1282=ORIENTED_EDGE('',*,*,#2047,.F.);
#1283=ORIENTED_EDGE('',*,*,#2048,.T.);
#1284=ORIENTED_EDGE('',*,*,#2045,.T.);
#1285=ORIENTED_EDGE('',*,*,#1751,.F.);
#1286=ORIENTED_EDGE('',*,*,#2049,.F.);
#1287=ORIENTED_EDGE('',*,*,#2050,.T.);
#1288=ORIENTED_EDGE('',*,*,#2047,.T.);
#1289=ORIENTED_EDGE('',*,*,#1741,.F.);
#1290=ORIENTED_EDGE('',*,*,#2051,.F.);
#1291=ORIENTED_EDGE('',*,*,#2052,.T.);
#1292=ORIENTED_EDGE('',*,*,#2053,.T.);
#1293=ORIENTED_EDGE('',*,*,#1748,.T.);
#1294=ORIENTED_EDGE('',*,*,#2054,.F.);
#1295=ORIENTED_EDGE('',*,*,#2055,.F.);
#1296=ORIENTED_EDGE('',*,*,#2051,.T.);
#1297=ORIENTED_EDGE('',*,*,#1747,.F.);
#1298=ORIENTED_EDGE('',*,*,#2056,.F.);
#1299=ORIENTED_EDGE('',*,*,#2057,.T.);
#1300=ORIENTED_EDGE('',*,*,#2054,.T.);
#1301=ORIENTED_EDGE('',*,*,#1746,.T.);
#1302=ORIENTED_EDGE('',*,*,#2058,.F.);
#1303=ORIENTED_EDGE('',*,*,#2059,.F.);
#1304=ORIENTED_EDGE('',*,*,#2056,.T.);
#1305=ORIENTED_EDGE('',*,*,#1745,.F.);
#1306=ORIENTED_EDGE('',*,*,#2060,.F.);
#1307=ORIENTED_EDGE('',*,*,#2061,.T.);
#1308=ORIENTED_EDGE('',*,*,#2058,.T.);
#1309=ORIENTED_EDGE('',*,*,#1744,.F.);
#1310=ORIENTED_EDGE('',*,*,#2062,.F.);
#1311=ORIENTED_EDGE('',*,*,#2063,.T.);
#1312=ORIENTED_EDGE('',*,*,#2060,.T.);
#1313=ORIENTED_EDGE('',*,*,#1743,.F.);
#1314=ORIENTED_EDGE('',*,*,#2064,.F.);
#1315=ORIENTED_EDGE('',*,*,#2065,.T.);
#1316=ORIENTED_EDGE('',*,*,#2062,.T.);
#1317=ORIENTED_EDGE('',*,*,#1733,.F.);
#1318=ORIENTED_EDGE('',*,*,#2066,.F.);
#1319=ORIENTED_EDGE('',*,*,#2067,.T.);
#1320=ORIENTED_EDGE('',*,*,#2068,.T.);
#1321=ORIENTED_EDGE('',*,*,#1740,.T.);
#1322=ORIENTED_EDGE('',*,*,#2069,.F.);
#1323=ORIENTED_EDGE('',*,*,#2070,.F.);
#1324=ORIENTED_EDGE('',*,*,#2066,.T.);
#1325=ORIENTED_EDGE('',*,*,#1739,.F.);
#1326=ORIENTED_EDGE('',*,*,#2071,.F.);
#1327=ORIENTED_EDGE('',*,*,#2072,.T.);
#1328=ORIENTED_EDGE('',*,*,#2069,.T.);
#1329=ORIENTED_EDGE('',*,*,#1738,.T.);
#1330=ORIENTED_EDGE('',*,*,#2073,.F.);
#1331=ORIENTED_EDGE('',*,*,#2074,.F.);
#1332=ORIENTED_EDGE('',*,*,#2071,.T.);
#1333=ORIENTED_EDGE('',*,*,#1737,.F.);
#1334=ORIENTED_EDGE('',*,*,#2075,.F.);
#1335=ORIENTED_EDGE('',*,*,#2076,.T.);
#1336=ORIENTED_EDGE('',*,*,#2073,.T.);
#1337=ORIENTED_EDGE('',*,*,#1736,.F.);
#1338=ORIENTED_EDGE('',*,*,#2077,.F.);
#1339=ORIENTED_EDGE('',*,*,#2078,.T.);
#1340=ORIENTED_EDGE('',*,*,#2075,.T.);
#1341=ORIENTED_EDGE('',*,*,#1735,.F.);
#1342=ORIENTED_EDGE('',*,*,#2079,.F.);
#1343=ORIENTED_EDGE('',*,*,#2080,.T.);
#1344=ORIENTED_EDGE('',*,*,#2077,.T.);
#1345=ORIENTED_EDGE('',*,*,#1725,.F.);
#1346=ORIENTED_EDGE('',*,*,#2081,.F.);
#1347=ORIENTED_EDGE('',*,*,#2082,.T.);
#1348=ORIENTED_EDGE('',*,*,#2083,.T.);
#1349=ORIENTED_EDGE('',*,*,#1732,.T.);
#1350=ORIENTED_EDGE('',*,*,#2084,.F.);
#1351=ORIENTED_EDGE('',*,*,#2085,.F.);
#1352=ORIENTED_EDGE('',*,*,#2081,.T.);
#1353=ORIENTED_EDGE('',*,*,#1731,.F.);
#1354=ORIENTED_EDGE('',*,*,#2086,.F.);
#1355=ORIENTED_EDGE('',*,*,#2087,.T.);
#1356=ORIENTED_EDGE('',*,*,#2084,.T.);
#1357=ORIENTED_EDGE('',*,*,#1730,.T.);
#1358=ORIENTED_EDGE('',*,*,#2088,.F.);
#1359=ORIENTED_EDGE('',*,*,#2089,.F.);
#1360=ORIENTED_EDGE('',*,*,#2086,.T.);
#1361=ORIENTED_EDGE('',*,*,#1729,.F.);
#1362=ORIENTED_EDGE('',*,*,#2090,.F.);
#1363=ORIENTED_EDGE('',*,*,#2091,.T.);
#1364=ORIENTED_EDGE('',*,*,#2088,.T.);
#1365=ORIENTED_EDGE('',*,*,#1728,.F.);
#1366=ORIENTED_EDGE('',*,*,#2092,.F.);
#1367=ORIENTED_EDGE('',*,*,#2093,.T.);
#1368=ORIENTED_EDGE('',*,*,#2090,.T.);
#1369=ORIENTED_EDGE('',*,*,#1727,.F.);
#1370=ORIENTED_EDGE('',*,*,#2094,.F.);
#1371=ORIENTED_EDGE('',*,*,#2095,.T.);
#1372=ORIENTED_EDGE('',*,*,#2092,.T.);
#1373=ORIENTED_EDGE('',*,*,#1717,.F.);
#1374=ORIENTED_EDGE('',*,*,#2096,.F.);
#1375=ORIENTED_EDGE('',*,*,#2097,.T.);
#1376=ORIENTED_EDGE('',*,*,#2098,.T.);
#1377=ORIENTED_EDGE('',*,*,#1724,.T.);
#1378=ORIENTED_EDGE('',*,*,#2099,.F.);
#1379=ORIENTED_EDGE('',*,*,#2100,.F.);
#1380=ORIENTED_EDGE('',*,*,#2096,.T.);
#1381=ORIENTED_EDGE('',*,*,#1723,.F.);
#1382=ORIENTED_EDGE('',*,*,#2101,.F.);
#1383=ORIENTED_EDGE('',*,*,#2102,.T.);
#1384=ORIENTED_EDGE('',*,*,#2099,.T.);
#1385=ORIENTED_EDGE('',*,*,#1722,.T.);
#1386=ORIENTED_EDGE('',*,*,#2103,.F.);
#1387=ORIENTED_EDGE('',*,*,#2104,.F.);
#1388=ORIENTED_EDGE('',*,*,#2101,.T.);
#1389=ORIENTED_EDGE('',*,*,#1721,.F.);
#1390=ORIENTED_EDGE('',*,*,#2105,.F.);
#1391=ORIENTED_EDGE('',*,*,#2106,.T.);
#1392=ORIENTED_EDGE('',*,*,#2103,.T.);
#1393=ORIENTED_EDGE('',*,*,#1720,.F.);
#1394=ORIENTED_EDGE('',*,*,#2107,.F.);
#1395=ORIENTED_EDGE('',*,*,#2108,.T.);
#1396=ORIENTED_EDGE('',*,*,#2105,.T.);
#1397=ORIENTED_EDGE('',*,*,#1719,.F.);
#1398=ORIENTED_EDGE('',*,*,#2109,.F.);
#1399=ORIENTED_EDGE('',*,*,#2110,.T.);
#1400=ORIENTED_EDGE('',*,*,#2107,.T.);
#1401=ORIENTED_EDGE('',*,*,#1830,.F.);
#1402=ORIENTED_EDGE('',*,*,#1888,.F.);
#1403=ORIENTED_EDGE('',*,*,#2111,.T.);
#1404=ORIENTED_EDGE('',*,*,#1899,.T.);
#1405=ORIENTED_EDGE('',*,*,#1822,.F.);
#1406=ORIENTED_EDGE('',*,*,#1903,.F.);
#1407=ORIENTED_EDGE('',*,*,#2112,.T.);
#1408=ORIENTED_EDGE('',*,*,#1914,.T.);
#1409=ORIENTED_EDGE('',*,*,#1814,.F.);
#1410=ORIENTED_EDGE('',*,*,#1918,.F.);
#1411=ORIENTED_EDGE('',*,*,#2113,.T.);
#1412=ORIENTED_EDGE('',*,*,#1929,.T.);
#1413=ORIENTED_EDGE('',*,*,#1806,.F.);
#1414=ORIENTED_EDGE('',*,*,#1933,.F.);
#1415=ORIENTED_EDGE('',*,*,#2114,.T.);
#1416=ORIENTED_EDGE('',*,*,#1944,.T.);
#1417=ORIENTED_EDGE('',*,*,#1798,.F.);
#1418=ORIENTED_EDGE('',*,*,#1948,.F.);
#1419=ORIENTED_EDGE('',*,*,#2115,.T.);
#1420=ORIENTED_EDGE('',*,*,#1959,.T.);
#1421=ORIENTED_EDGE('',*,*,#1790,.F.);
#1422=ORIENTED_EDGE('',*,*,#1963,.F.);
#1423=ORIENTED_EDGE('',*,*,#2116,.T.);
#1424=ORIENTED_EDGE('',*,*,#1974,.T.);
#1425=ORIENTED_EDGE('',*,*,#1782,.F.);
#1426=ORIENTED_EDGE('',*,*,#1978,.F.);
#1427=ORIENTED_EDGE('',*,*,#2117,.T.);
#1428=ORIENTED_EDGE('',*,*,#1989,.T.);
#1429=ORIENTED_EDGE('',*,*,#1774,.F.);
#1430=ORIENTED_EDGE('',*,*,#1993,.F.);
#1431=ORIENTED_EDGE('',*,*,#2118,.T.);
#1432=ORIENTED_EDGE('',*,*,#2004,.T.);
#1433=ORIENTED_EDGE('',*,*,#1766,.F.);
#1434=ORIENTED_EDGE('',*,*,#2008,.F.);
#1435=ORIENTED_EDGE('',*,*,#2119,.T.);
#1436=ORIENTED_EDGE('',*,*,#2019,.T.);
#1437=ORIENTED_EDGE('',*,*,#1758,.F.);
#1438=ORIENTED_EDGE('',*,*,#2023,.F.);
#1439=ORIENTED_EDGE('',*,*,#2120,.T.);
#1440=ORIENTED_EDGE('',*,*,#2034,.T.);
#1441=ORIENTED_EDGE('',*,*,#1750,.F.);
#1442=ORIENTED_EDGE('',*,*,#2038,.F.);
#1443=ORIENTED_EDGE('',*,*,#2121,.T.);
#1444=ORIENTED_EDGE('',*,*,#2049,.T.);
#1445=ORIENTED_EDGE('',*,*,#1742,.F.);
#1446=ORIENTED_EDGE('',*,*,#2053,.F.);
#1447=ORIENTED_EDGE('',*,*,#2122,.T.);
#1448=ORIENTED_EDGE('',*,*,#2064,.T.);
#1449=ORIENTED_EDGE('',*,*,#1734,.F.);
#1450=ORIENTED_EDGE('',*,*,#2068,.F.);
#1451=ORIENTED_EDGE('',*,*,#2123,.T.);
#1452=ORIENTED_EDGE('',*,*,#2079,.T.);
#1453=ORIENTED_EDGE('',*,*,#1726,.F.);
#1454=ORIENTED_EDGE('',*,*,#2083,.F.);
#1455=ORIENTED_EDGE('',*,*,#2124,.T.);
#1456=ORIENTED_EDGE('',*,*,#2094,.T.);
#1457=ORIENTED_EDGE('',*,*,#1718,.F.);
#1458=ORIENTED_EDGE('',*,*,#2098,.F.);
#1459=ORIENTED_EDGE('',*,*,#2125,.T.);
#1460=ORIENTED_EDGE('',*,*,#2109,.T.);
#1461=ORIENTED_EDGE('',*,*,#1838,.F.);
#1462=ORIENTED_EDGE('',*,*,#1873,.F.);
#1463=ORIENTED_EDGE('',*,*,#2126,.T.);
#1464=ORIENTED_EDGE('',*,*,#1884,.T.);
#1465=ORIENTED_EDGE('',*,*,#2127,.T.);
#1466=ORIENTED_EDGE('',*,*,#2128,.T.);
#1467=ORIENTED_EDGE('',*,*,#2129,.F.);
#1468=ORIENTED_EDGE('',*,*,#2130,.F.);
#1469=ORIENTED_EDGE('',*,*,#2097,.F.);
#1470=ORIENTED_EDGE('',*,*,#2100,.T.);
#1471=ORIENTED_EDGE('',*,*,#2102,.F.);
#1472=ORIENTED_EDGE('',*,*,#2104,.T.);
#1473=ORIENTED_EDGE('',*,*,#2106,.F.);
#1474=ORIENTED_EDGE('',*,*,#2108,.F.);
#1475=ORIENTED_EDGE('',*,*,#2110,.F.);
#1476=ORIENTED_EDGE('',*,*,#2125,.F.);
#1477=ORIENTED_EDGE('',*,*,#2082,.F.);
#1478=ORIENTED_EDGE('',*,*,#2085,.T.);
#1479=ORIENTED_EDGE('',*,*,#2087,.F.);
#1480=ORIENTED_EDGE('',*,*,#2089,.T.);
#1481=ORIENTED_EDGE('',*,*,#2091,.F.);
#1482=ORIENTED_EDGE('',*,*,#2093,.F.);
#1483=ORIENTED_EDGE('',*,*,#2095,.F.);
#1484=ORIENTED_EDGE('',*,*,#2124,.F.);
#1485=ORIENTED_EDGE('',*,*,#2067,.F.);
#1486=ORIENTED_EDGE('',*,*,#2070,.T.);
#1487=ORIENTED_EDGE('',*,*,#2072,.F.);
#1488=ORIENTED_EDGE('',*,*,#2074,.T.);
#1489=ORIENTED_EDGE('',*,*,#2076,.F.);
#1490=ORIENTED_EDGE('',*,*,#2078,.F.);
#1491=ORIENTED_EDGE('',*,*,#2080,.F.);
#1492=ORIENTED_EDGE('',*,*,#2123,.F.);
#1493=ORIENTED_EDGE('',*,*,#2052,.F.);
#1494=ORIENTED_EDGE('',*,*,#2055,.T.);
#1495=ORIENTED_EDGE('',*,*,#2057,.F.);
#1496=ORIENTED_EDGE('',*,*,#2059,.T.);
#1497=ORIENTED_EDGE('',*,*,#2061,.F.);
#1498=ORIENTED_EDGE('',*,*,#2063,.F.);
#1499=ORIENTED_EDGE('',*,*,#2065,.F.);
#1500=ORIENTED_EDGE('',*,*,#2122,.F.);
#1501=ORIENTED_EDGE('',*,*,#2037,.F.);
#1502=ORIENTED_EDGE('',*,*,#2040,.T.);
#1503=ORIENTED_EDGE('',*,*,#2042,.F.);
#1504=ORIENTED_EDGE('',*,*,#2044,.T.);
#1505=ORIENTED_EDGE('',*,*,#2046,.F.);
#1506=ORIENTED_EDGE('',*,*,#2048,.F.);
#1507=ORIENTED_EDGE('',*,*,#2050,.F.);
#1508=ORIENTED_EDGE('',*,*,#2121,.F.);
#1509=ORIENTED_EDGE('',*,*,#2022,.F.);
#1510=ORIENTED_EDGE('',*,*,#2025,.T.);
#1511=ORIENTED_EDGE('',*,*,#2027,.F.);
#1512=ORIENTED_EDGE('',*,*,#2029,.T.);
#1513=ORIENTED_EDGE('',*,*,#2031,.F.);
#1514=ORIENTED_EDGE('',*,*,#2033,.F.);
#1515=ORIENTED_EDGE('',*,*,#2035,.F.);
#1516=ORIENTED_EDGE('',*,*,#2120,.F.);
#1517=ORIENTED_EDGE('',*,*,#2007,.F.);
#1518=ORIENTED_EDGE('',*,*,#2010,.T.);
#1519=ORIENTED_EDGE('',*,*,#2012,.F.);
#1520=ORIENTED_EDGE('',*,*,#2014,.T.);
#1521=ORIENTED_EDGE('',*,*,#2016,.F.);
#1522=ORIENTED_EDGE('',*,*,#2018,.F.);
#1523=ORIENTED_EDGE('',*,*,#2020,.F.);
#1524=ORIENTED_EDGE('',*,*,#2119,.F.);
#1525=ORIENTED_EDGE('',*,*,#1992,.F.);
#1526=ORIENTED_EDGE('',*,*,#1995,.T.);
#1527=ORIENTED_EDGE('',*,*,#1997,.F.);
#1528=ORIENTED_EDGE('',*,*,#1999,.T.);
#1529=ORIENTED_EDGE('',*,*,#2001,.F.);
#1530=ORIENTED_EDGE('',*,*,#2003,.F.);
#1531=ORIENTED_EDGE('',*,*,#2005,.F.);
#1532=ORIENTED_EDGE('',*,*,#2118,.F.);
#1533=ORIENTED_EDGE('',*,*,#1977,.F.);
#1534=ORIENTED_EDGE('',*,*,#1980,.T.);
#1535=ORIENTED_EDGE('',*,*,#1982,.F.);
#1536=ORIENTED_EDGE('',*,*,#1984,.T.);
#1537=ORIENTED_EDGE('',*,*,#1986,.F.);
#1538=ORIENTED_EDGE('',*,*,#1988,.F.);
#1539=ORIENTED_EDGE('',*,*,#1990,.F.);
#1540=ORIENTED_EDGE('',*,*,#2117,.F.);
#1541=ORIENTED_EDGE('',*,*,#1962,.F.);
#1542=ORIENTED_EDGE('',*,*,#1965,.T.);
#1543=ORIENTED_EDGE('',*,*,#1967,.F.);
#1544=ORIENTED_EDGE('',*,*,#1969,.T.);
#1545=ORIENTED_EDGE('',*,*,#1971,.F.);
#1546=ORIENTED_EDGE('',*,*,#1973,.F.);
#1547=ORIENTED_EDGE('',*,*,#1975,.F.);
#1548=ORIENTED_EDGE('',*,*,#2116,.F.);
#1549=ORIENTED_EDGE('',*,*,#1947,.F.);
#1550=ORIENTED_EDGE('',*,*,#1950,.T.);
#1551=ORIENTED_EDGE('',*,*,#1952,.F.);
#1552=ORIENTED_EDGE('',*,*,#1954,.T.);
#1553=ORIENTED_EDGE('',*,*,#1956,.F.);
#1554=ORIENTED_EDGE('',*,*,#1958,.F.);
#1555=ORIENTED_EDGE('',*,*,#1960,.F.);
#1556=ORIENTED_EDGE('',*,*,#2115,.F.);
#1557=ORIENTED_EDGE('',*,*,#1932,.F.);
#1558=ORIENTED_EDGE('',*,*,#1935,.T.);
#1559=ORIENTED_EDGE('',*,*,#1937,.F.);
#1560=ORIENTED_EDGE('',*,*,#1939,.T.);
#1561=ORIENTED_EDGE('',*,*,#1941,.F.);
#1562=ORIENTED_EDGE('',*,*,#1943,.F.);
#1563=ORIENTED_EDGE('',*,*,#1945,.F.);
#1564=ORIENTED_EDGE('',*,*,#2114,.F.);
#1565=ORIENTED_EDGE('',*,*,#1917,.F.);
#1566=ORIENTED_EDGE('',*,*,#1920,.T.);
#1567=ORIENTED_EDGE('',*,*,#1922,.F.);
#1568=ORIENTED_EDGE('',*,*,#1924,.T.);
#1569=ORIENTED_EDGE('',*,*,#1926,.F.);
#1570=ORIENTED_EDGE('',*,*,#1928,.F.);
#1571=ORIENTED_EDGE('',*,*,#1930,.F.);
#1572=ORIENTED_EDGE('',*,*,#2113,.F.);
#1573=ORIENTED_EDGE('',*,*,#1902,.F.);
#1574=ORIENTED_EDGE('',*,*,#1905,.T.);
#1575=ORIENTED_EDGE('',*,*,#1907,.F.);
#1576=ORIENTED_EDGE('',*,*,#1909,.T.);
#1577=ORIENTED_EDGE('',*,*,#1911,.F.);
#1578=ORIENTED_EDGE('',*,*,#1913,.F.);
#1579=ORIENTED_EDGE('',*,*,#1915,.F.);
#1580=ORIENTED_EDGE('',*,*,#2112,.F.);
#1581=ORIENTED_EDGE('',*,*,#1887,.F.);
#1582=ORIENTED_EDGE('',*,*,#1890,.T.);
#1583=ORIENTED_EDGE('',*,*,#1892,.F.);
#1584=ORIENTED_EDGE('',*,*,#1894,.T.);
#1585=ORIENTED_EDGE('',*,*,#1896,.F.);
#1586=ORIENTED_EDGE('',*,*,#1898,.F.);
#1587=ORIENTED_EDGE('',*,*,#1900,.F.);
#1588=ORIENTED_EDGE('',*,*,#2111,.F.);
#1589=ORIENTED_EDGE('',*,*,#1872,.F.);
#1590=ORIENTED_EDGE('',*,*,#1875,.T.);
#1591=ORIENTED_EDGE('',*,*,#1877,.F.);
#1592=ORIENTED_EDGE('',*,*,#1879,.T.);
#1593=ORIENTED_EDGE('',*,*,#1881,.F.);
#1594=ORIENTED_EDGE('',*,*,#1883,.F.);
#1595=ORIENTED_EDGE('',*,*,#1885,.F.);
#1596=ORIENTED_EDGE('',*,*,#2126,.F.);
#1597=ORIENTED_EDGE('',*,*,#1848,.T.);
#1598=ORIENTED_EDGE('',*,*,#1702,.F.);
#1599=ORIENTED_EDGE('',*,*,#1700,.F.);
#1600=ORIENTED_EDGE('',*,*,#2131,.T.);
#1601=ORIENTED_EDGE('',*,*,#1850,.T.);
#1602=ORIENTED_EDGE('',*,*,#2132,.F.);
#1603=ORIENTED_EDGE('',*,*,#1698,.F.);
#1604=ORIENTED_EDGE('',*,*,#1712,.T.);
#1605=ORIENTED_EDGE('',*,*,#1846,.F.);
#1606=ORIENTED_EDGE('',*,*,#1677,.T.);
#1607=ORIENTED_EDGE('',*,*,#1845,.F.);
#1608=ORIENTED_EDGE('',*,*,#1678,.T.);
#1609=ORIENTED_EDGE('',*,*,#1849,.F.);
#1610=ORIENTED_EDGE('',*,*,#2131,.F.);
#1611=ORIENTED_EDGE('',*,*,#1699,.T.);
#1612=ORIENTED_EDGE('',*,*,#2132,.T.);
#1613=ORIENTED_EDGE('',*,*,#2127,.F.);
#1614=ORIENTED_EDGE('',*,*,#2133,.F.);
#1615=ORIENTED_EDGE('',*,*,#1687,.T.);
#1616=ORIENTED_EDGE('',*,*,#2134,.T.);
#1617=ORIENTED_EDGE('',*,*,#2130,.T.);
#1618=ORIENTED_EDGE('',*,*,#2135,.F.);
#1619=ORIENTED_EDGE('',*,*,#1688,.F.);
#1620=ORIENTED_EDGE('',*,*,#2133,.T.);
#1621=ORIENTED_EDGE('',*,*,#2129,.T.);
#1622=ORIENTED_EDGE('',*,*,#2136,.F.);
#1623=ORIENTED_EDGE('',*,*,#1689,.F.);
#1624=ORIENTED_EDGE('',*,*,#2135,.T.);
#1625=ORIENTED_EDGE('',*,*,#2128,.F.);
#1626=ORIENTED_EDGE('',*,*,#2134,.F.);
#1627=ORIENTED_EDGE('',*,*,#1690,.T.);
#1628=ORIENTED_EDGE('',*,*,#2136,.T.);
#1629=ORIENTED_EDGE('',*,*,#1713,.F.);
#1630=ORIENTED_EDGE('',*,*,#2137,.F.);
#1631=ORIENTED_EDGE('',*,*,#1859,.T.);
#1632=ORIENTED_EDGE('',*,*,#2138,.T.);
#1633=ORIENTED_EDGE('',*,*,#1716,.T.);
#1634=ORIENTED_EDGE('',*,*,#2139,.F.);
#1635=ORIENTED_EDGE('',*,*,#1860,.F.);
#1636=ORIENTED_EDGE('',*,*,#2137,.T.);
#1637=ORIENTED_EDGE('',*,*,#1715,.T.);
#1638=ORIENTED_EDGE('',*,*,#2140,.F.);
#1639=ORIENTED_EDGE('',*,*,#1861,.F.);
#1640=ORIENTED_EDGE('',*,*,#2139,.T.);
#1641=ORIENTED_EDGE('',*,*,#1714,.F.);
#1642=ORIENTED_EDGE('',*,*,#2138,.F.);
#1643=ORIENTED_EDGE('',*,*,#1862,.T.);
#1644=ORIENTED_EDGE('',*,*,#2140,.T.);
#1645=ORIENTED_EDGE('',*,*,#2141,.T.);
#1646=ORIENTED_EDGE('',*,*,#1692,.F.);
#1647=ORIENTED_EDGE('',*,*,#2142,.F.);
#1648=ORIENTED_EDGE('',*,*,#1864,.F.);
#1649=ORIENTED_EDGE('',*,*,#1865,.T.);
#1650=ORIENTED_EDGE('',*,*,#2142,.T.);
#1651=ORIENTED_EDGE('',*,*,#1691,.T.);
#1652=ORIENTED_EDGE('',*,*,#2143,.F.);
#1653=ORIENTED_EDGE('',*,*,#1866,.T.);
#1654=ORIENTED_EDGE('',*,*,#2143,.T.);
#1655=ORIENTED_EDGE('',*,*,#1694,.T.);
#1656=ORIENTED_EDGE('',*,*,#2144,.F.);
#1657=ORIENTED_EDGE('',*,*,#2144,.T.);
#1658=ORIENTED_EDGE('',*,*,#1693,.F.);
#1659=ORIENTED_EDGE('',*,*,#2141,.F.);
#1660=ORIENTED_EDGE('',*,*,#1863,.F.);
#1661=ORIENTED_EDGE('',*,*,#1710,.T.);
#1662=ORIENTED_EDGE('',*,*,#2145,.F.);
#1663=ORIENTED_EDGE('',*,*,#1704,.F.);
#1664=ORIENTED_EDGE('',*,*,#1847,.T.);
#1665=ORIENTED_EDGE('',*,*,#1708,.T.);
#1666=ORIENTED_EDGE('',*,*,#2146,.F.);
#1667=ORIENTED_EDGE('',*,*,#1706,.F.);
#1668=ORIENTED_EDGE('',*,*,#2147,.T.);
#1669=ORIENTED_EDGE('',*,*,#1709,.T.);
#1670=ORIENTED_EDGE('',*,*,#2147,.F.);
#1671=ORIENTED_EDGE('',*,*,#1705,.F.);
#1672=ORIENTED_EDGE('',*,*,#2145,.T.);
#1673=ORIENTED_EDGE('',*,*,#1707,.F.);
#1674=ORIENTED_EDGE('',*,*,#1696,.F.);
#1675=ORIENTED_EDGE('',*,*,#1701,.T.);
#1676=ORIENTED_EDGE('',*,*,#2146,.T.);
#1677=EDGE_CURVE('',#2148,#2148,#2466,.T.);
#1678=EDGE_CURVE('',#2149,#2149,#2467,.T.);
#1679=EDGE_CURVE('',#2150,#2150,#2468,.T.);
#1680=EDGE_CURVE('',#2151,#2151,#2469,.T.);
#1681=EDGE_CURVE('',#2152,#2153,#85,.T.);
#1682=EDGE_CURVE('',#2152,#2154,#86,.T.);
#1683=EDGE_CURVE('',#2154,#2155,#87,.T.);
#1684=EDGE_CURVE('',#2153,#2155,#88,.T.);
#1685=EDGE_CURVE('',#2156,#2156,#2470,.T.);
#1686=EDGE_CURVE('',#2157,#2157,#2471,.T.);
#1687=EDGE_CURVE('',#2158,#2159,#89,.T.);
#1688=EDGE_CURVE('',#2158,#2160,#90,.T.);
#1689=EDGE_CURVE('',#2160,#2161,#91,.T.);
#1690=EDGE_CURVE('',#2159,#2161,#92,.T.);
#1691=EDGE_CURVE('',#2162,#2163,#93,.T.);
#1692=EDGE_CURVE('',#2162,#2164,#94,.T.);
#1693=EDGE_CURVE('',#2164,#2165,#95,.T.);
#1694=EDGE_CURVE('',#2163,#2165,#96,.T.);
#1695=EDGE_CURVE('',#2166,#2167,#97,.T.);
#1696=EDGE_CURVE('',#2167,#2168,#98,.T.);
#1697=EDGE_CURVE('',#2169,#2168,#99,.T.);
#1698=EDGE_CURVE('',#2169,#2170,#2472,.T.);
#1699=EDGE_CURVE('',#2171,#2170,#100,.T.);
#1700=EDGE_CURVE('',#2171,#2166,#2473,.T.);
#1701=EDGE_CURVE('',#2167,#2172,#2474,.T.);
#1702=EDGE_CURVE('',#2166,#2173,#101,.T.);
#1703=EDGE_CURVE('',#2173,#2174,#102,.T.);
#1704=EDGE_CURVE('',#2174,#2175,#103,.T.);
#1705=EDGE_CURVE('',#2175,#2176,#104,.T.);
#1706=EDGE_CURVE('',#2176,#2172,#105,.T.);
#1707=EDGE_CURVE('',#2168,#2177,#2475,.T.);
#1708=EDGE_CURVE('',#2178,#2177,#106,.T.);
#1709=EDGE_CURVE('',#2179,#2178,#107,.T.);
#1710=EDGE_CURVE('',#2180,#2179,#108,.T.);
#1711=EDGE_CURVE('',#2181,#2180,#109,.T.);
#1712=EDGE_CURVE('',#2169,#2181,#110,.T.);
#1713=EDGE_CURVE('',#2182,#2183,#111,.T.);
#1714=EDGE_CURVE('',#2183,#2184,#112,.T.);
#1715=EDGE_CURVE('',#2185,#2184,#113,.T.);
#1716=EDGE_CURVE('',#2182,#2185,#114,.T.);
#1717=EDGE_CURVE('',#2186,#2187,#2476,.T.);
#1718=EDGE_CURVE('',#2187,#2188,#115,.T.);
#1719=EDGE_CURVE('',#2188,#2189,#2477,.T.);
#1720=EDGE_CURVE('',#2189,#2190,#116,.T.);
#1721=EDGE_CURVE('',#2190,#2191,#2478,.T.);
#1722=EDGE_CURVE('',#2192,#2191,#117,.T.);
#1723=EDGE_CURVE('',#2192,#2193,#2479,.T.);
#1724=EDGE_CURVE('',#2186,#2193,#118,.T.);
#1725=EDGE_CURVE('',#2194,#2195,#2480,.T.);
#1726=EDGE_CURVE('',#2195,#2196,#119,.T.);
#1727=EDGE_CURVE('',#2196,#2197,#2481,.T.);
#1728=EDGE_CURVE('',#2197,#2198,#120,.T.);
#1729=EDGE_CURVE('',#2198,#2199,#2482,.T.);
#1730=EDGE_CURVE('',#2200,#2199,#121,.T.);
#1731=EDGE_CURVE('',#2200,#2201,#2483,.T.);
#1732=EDGE_CURVE('',#2194,#2201,#122,.T.);
#1733=EDGE_CURVE('',#2202,#2203,#2484,.T.);
#1734=EDGE_CURVE('',#2203,#2204,#123,.T.);
#1735=EDGE_CURVE('',#2204,#2205,#2485,.T.);
#1736=EDGE_CURVE('',#2205,#2206,#124,.T.);
#1737=EDGE_CURVE('',#2206,#2207,#2486,.T.);
#1738=EDGE_CURVE('',#2208,#2207,#125,.T.);
#1739=EDGE_CURVE('',#2208,#2209,#2487,.T.);
#1740=EDGE_CURVE('',#2202,#2209,#126,.T.);
#1741=EDGE_CURVE('',#2210,#2211,#2488,.T.);
#1742=EDGE_CURVE('',#2211,#2212,#127,.T.);
#1743=EDGE_CURVE('',#2212,#2213,#2489,.T.);
#1744=EDGE_CURVE('',#2213,#2214,#128,.T.);
#1745=EDGE_CURVE('',#2214,#2215,#2490,.T.);
#1746=EDGE_CURVE('',#2216,#2215,#129,.T.);
#1747=EDGE_CURVE('',#2216,#2217,#2491,.T.);
#1748=EDGE_CURVE('',#2210,#2217,#130,.T.);
#1749=EDGE_CURVE('',#2218,#2219,#2492,.T.);
#1750=EDGE_CURVE('',#2219,#2220,#131,.T.);
#1751=EDGE_CURVE('',#2220,#2221,#2493,.T.);
#1752=EDGE_CURVE('',#2221,#2222,#132,.T.);
#1753=EDGE_CURVE('',#2222,#2223,#2494,.T.);
#1754=EDGE_CURVE('',#2224,#2223,#133,.T.);
#1755=EDGE_CURVE('',#2224,#2225,#2495,.T.);
#1756=EDGE_CURVE('',#2218,#2225,#134,.T.);
#1757=EDGE_CURVE('',#2226,#2227,#2496,.T.);
#1758=EDGE_CURVE('',#2227,#2228,#135,.T.);
#1759=EDGE_CURVE('',#2228,#2229,#2497,.T.);
#1760=EDGE_CURVE('',#2229,#2230,#136,.T.);
#1761=EDGE_CURVE('',#2230,#2231,#2498,.T.);
#1762=EDGE_CURVE('',#2232,#2231,#137,.T.);
#1763=EDGE_CURVE('',#2232,#2233,#2499,.T.);
#1764=EDGE_CURVE('',#2226,#2233,#138,.T.);
#1765=EDGE_CURVE('',#2234,#2235,#2500,.T.);
#1766=EDGE_CURVE('',#2235,#2236,#139,.T.);
#1767=EDGE_CURVE('',#2236,#2237,#2501,.T.);
#1768=EDGE_CURVE('',#2237,#2238,#140,.T.);
#1769=EDGE_CURVE('',#2238,#2239,#2502,.T.);
#1770=EDGE_CURVE('',#2240,#2239,#141,.T.);
#1771=EDGE_CURVE('',#2240,#2241,#2503,.T.);
#1772=EDGE_CURVE('',#2234,#2241,#142,.T.);
#1773=EDGE_CURVE('',#2242,#2243,#2504,.T.);
#1774=EDGE_CURVE('',#2243,#2244,#143,.T.);
#1775=EDGE_CURVE('',#2244,#2245,#2505,.T.);
#1776=EDGE_CURVE('',#2245,#2246,#144,.T.);
#1777=EDGE_CURVE('',#2246,#2247,#2506,.T.);
#1778=EDGE_CURVE('',#2248,#2247,#145,.T.);
#1779=EDGE_CURVE('',#2248,#2249,#2507,.T.);
#1780=EDGE_CURVE('',#2242,#2249,#146,.T.);
#1781=EDGE_CURVE('',#2250,#2251,#2508,.T.);
#1782=EDGE_CURVE('',#2251,#2252,#147,.T.);
#1783=EDGE_CURVE('',#2252,#2253,#2509,.T.);
#1784=EDGE_CURVE('',#2253,#2254,#148,.T.);
#1785=EDGE_CURVE('',#2254,#2255,#2510,.T.);
#1786=EDGE_CURVE('',#2256,#2255,#149,.T.);
#1787=EDGE_CURVE('',#2256,#2257,#2511,.T.);
#1788=EDGE_CURVE('',#2250,#2257,#150,.T.);
#1789=EDGE_CURVE('',#2258,#2259,#2512,.T.);
#1790=EDGE_CURVE('',#2259,#2260,#151,.T.);
#1791=EDGE_CURVE('',#2260,#2261,#2513,.T.);
#1792=EDGE_CURVE('',#2261,#2262,#152,.T.);
#1793=EDGE_CURVE('',#2262,#2263,#2514,.T.);
#1794=EDGE_CURVE('',#2264,#2263,#153,.T.);
#1795=EDGE_CURVE('',#2264,#2265,#2515,.T.);
#1796=EDGE_CURVE('',#2258,#2265,#154,.T.);
#1797=EDGE_CURVE('',#2266,#2267,#2516,.T.);
#1798=EDGE_CURVE('',#2267,#2268,#155,.T.);
#1799=EDGE_CURVE('',#2268,#2269,#2517,.T.);
#1800=EDGE_CURVE('',#2269,#2270,#156,.T.);
#1801=EDGE_CURVE('',#2270,#2271,#2518,.T.);
#1802=EDGE_CURVE('',#2272,#2271,#157,.T.);
#1803=EDGE_CURVE('',#2272,#2273,#2519,.T.);
#1804=EDGE_CURVE('',#2266,#2273,#158,.T.);
#1805=EDGE_CURVE('',#2274,#2275,#2520,.T.);
#1806=EDGE_CURVE('',#2275,#2276,#159,.T.);
#1807=EDGE_CURVE('',#2276,#2277,#2521,.T.);
#1808=EDGE_CURVE('',#2277,#2278,#160,.T.);
#1809=EDGE_CURVE('',#2278,#2279,#2522,.T.);
#1810=EDGE_CURVE('',#2280,#2279,#161,.T.);
#1811=EDGE_CURVE('',#2280,#2281,#2523,.T.);
#1812=EDGE_CURVE('',#2274,#2281,#162,.T.);
#1813=EDGE_CURVE('',#2282,#2283,#2524,.T.);
#1814=EDGE_CURVE('',#2283,#2284,#163,.T.);
#1815=EDGE_CURVE('',#2284,#2285,#2525,.T.);
#1816=EDGE_CURVE('',#2285,#2286,#164,.T.);
#1817=EDGE_CURVE('',#2286,#2287,#2526,.T.);
#1818=EDGE_CURVE('',#2288,#2287,#165,.T.);
#1819=EDGE_CURVE('',#2288,#2289,#2527,.T.);
#1820=EDGE_CURVE('',#2282,#2289,#166,.T.);
#1821=EDGE_CURVE('',#2290,#2291,#2528,.T.);
#1822=EDGE_CURVE('',#2291,#2292,#167,.T.);
#1823=EDGE_CURVE('',#2292,#2293,#2529,.T.);
#1824=EDGE_CURVE('',#2293,#2294,#168,.T.);
#1825=EDGE_CURVE('',#2294,#2295,#2530,.T.);
#1826=EDGE_CURVE('',#2296,#2295,#169,.T.);
#1827=EDGE_CURVE('',#2296,#2297,#2531,.T.);
#1828=EDGE_CURVE('',#2290,#2297,#170,.T.);
#1829=EDGE_CURVE('',#2298,#2299,#2532,.T.);
#1830=EDGE_CURVE('',#2299,#2300,#171,.T.);
#1831=EDGE_CURVE('',#2300,#2301,#2533,.T.);
#1832=EDGE_CURVE('',#2301,#2302,#172,.T.);
#1833=EDGE_CURVE('',#2302,#2303,#2534,.T.);
#1834=EDGE_CURVE('',#2304,#2303,#173,.T.);
#1835=EDGE_CURVE('',#2304,#2305,#2535,.T.);
#1836=EDGE_CURVE('',#2298,#2305,#174,.T.);
#1837=EDGE_CURVE('',#2306,#2307,#2536,.T.);
#1838=EDGE_CURVE('',#2307,#2308,#175,.T.);
#1839=EDGE_CURVE('',#2308,#2309,#2537,.T.);
#1840=EDGE_CURVE('',#2309,#2310,#176,.T.);
#1841=EDGE_CURVE('',#2310,#2311,#2538,.T.);
#1842=EDGE_CURVE('',#2312,#2311,#177,.T.);
#1843=EDGE_CURVE('',#2312,#2313,#2539,.T.);
#1844=EDGE_CURVE('',#2306,#2313,#178,.T.);
#1845=EDGE_CURVE('',#2314,#2314,#2540,.T.);
#1846=EDGE_CURVE('',#2315,#2315,#2541,.T.);
#1847=EDGE_CURVE('',#2174,#2180,#179,.T.);
#1848=EDGE_CURVE('',#2316,#2173,#2542,.T.);
#1849=EDGE_CURVE('',#2316,#2317,#180,.T.);
#1850=EDGE_CURVE('',#2181,#2317,#2543,.T.);
#1851=EDGE_CURVE('',#2318,#2318,#2544,.T.);
#1852=EDGE_CURVE('',#2319,#2319,#2545,.T.);
#1853=EDGE_CURVE('',#2320,#2321,#181,.T.);
#1854=EDGE_CURVE('',#2320,#2322,#182,.T.);
#1855=EDGE_CURVE('',#2322,#2323,#183,.T.);
#1856=EDGE_CURVE('',#2321,#2323,#184,.T.);
#1857=EDGE_CURVE('',#2324,#2324,#2546,.T.);
#1858=EDGE_CURVE('',#2325,#2325,#2547,.T.);
#1859=EDGE_CURVE('',#2326,#2327,#185,.T.);
#1860=EDGE_CURVE('',#2326,#2328,#186,.T.);
#1861=EDGE_CURVE('',#2328,#2329,#187,.T.);
#1862=EDGE_CURVE('',#2327,#2329,#188,.T.);
#1863=EDGE_CURVE('',#2330,#2331,#189,.T.);
#1864=EDGE_CURVE('',#2331,#2332,#190,.T.);
#1865=EDGE_CURVE('',#2333,#2332,#191,.T.);
#1866=EDGE_CURVE('',#2330,#2333,#192,.T.);
#1867=EDGE_CURVE('',#2153,#2321,#193,.T.);
#1868=EDGE_CURVE('',#2152,#2323,#194,.T.);
#1869=EDGE_CURVE('',#2154,#2322,#195,.T.);
#1870=EDGE_CURVE('',#2155,#2320,#196,.T.);
#1871=EDGE_CURVE('',#2334,#2306,#197,.T.);
#1872=EDGE_CURVE('',#2334,#2335,#2548,.T.);
#1873=EDGE_CURVE('',#2335,#2307,#198,.T.);
#1874=EDGE_CURVE('',#2336,#2313,#199,.T.);
#1875=EDGE_CURVE('',#2334,#2336,#200,.T.);
#1876=EDGE_CURVE('',#2337,#2312,#201,.T.);
#1877=EDGE_CURVE('',#2337,#2336,#2549,.T.);
#1878=EDGE_CURVE('',#2338,#2311,#202,.T.);
#1879=EDGE_CURVE('',#2337,#2338,#203,.T.);
#1880=EDGE_CURVE('',#2339,#2310,#204,.T.);
#1881=EDGE_CURVE('',#2339,#2338,#2550,.T.);
#1882=EDGE_CURVE('',#2340,#2309,#205,.T.);
#1883=EDGE_CURVE('',#2340,#2339,#206,.T.);
#1884=EDGE_CURVE('',#2341,#2308,#207,.T.);
#1885=EDGE_CURVE('',#2341,#2340,#2551,.T.);
#1886=EDGE_CURVE('',#2342,#2298,#208,.T.);
#1887=EDGE_CURVE('',#2342,#2343,#2552,.T.);
#1888=EDGE_CURVE('',#2343,#2299,#209,.T.);
#1889=EDGE_CURVE('',#2344,#2305,#210,.T.);
#1890=EDGE_CURVE('',#2342,#2344,#211,.T.);
#1891=EDGE_CURVE('',#2345,#2304,#212,.T.);
#1892=EDGE_CURVE('',#2345,#2344,#2553,.T.);
#1893=EDGE_CURVE('',#2346,#2303,#213,.T.);
#1894=EDGE_CURVE('',#2345,#2346,#214,.T.);
#1895=EDGE_CURVE('',#2347,#2302,#215,.T.);
#1896=EDGE_CURVE('',#2347,#2346,#2554,.T.);
#1897=EDGE_CURVE('',#2348,#2301,#216,.T.);
#1898=EDGE_CURVE('',#2348,#2347,#217,.T.);
#1899=EDGE_CURVE('',#2349,#2300,#218,.T.);
#1900=EDGE_CURVE('',#2349,#2348,#2555,.T.);
#1901=EDGE_CURVE('',#2350,#2290,#219,.T.);
#1902=EDGE_CURVE('',#2350,#2351,#2556,.T.);
#1903=EDGE_CURVE('',#2351,#2291,#220,.T.);
#1904=EDGE_CURVE('',#2352,#2297,#221,.T.);
#1905=EDGE_CURVE('',#2350,#2352,#222,.T.);
#1906=EDGE_CURVE('',#2353,#2296,#223,.T.);
#1907=EDGE_CURVE('',#2353,#2352,#2557,.T.);
#1908=EDGE_CURVE('',#2354,#2295,#224,.T.);
#1909=EDGE_CURVE('',#2353,#2354,#225,.T.);
#1910=EDGE_CURVE('',#2355,#2294,#226,.T.);
#1911=EDGE_CURVE('',#2355,#2354,#2558,.T.);
#1912=EDGE_CURVE('',#2356,#2293,#227,.T.);
#1913=EDGE_CURVE('',#2356,#2355,#228,.T.);
#1914=EDGE_CURVE('',#2357,#2292,#229,.T.);
#1915=EDGE_CURVE('',#2357,#2356,#2559,.T.);
#1916=EDGE_CURVE('',#2358,#2282,#230,.T.);
#1917=EDGE_CURVE('',#2358,#2359,#2560,.T.);
#1918=EDGE_CURVE('',#2359,#2283,#231,.T.);
#1919=EDGE_CURVE('',#2360,#2289,#232,.T.);
#1920=EDGE_CURVE('',#2358,#2360,#233,.T.);
#1921=EDGE_CURVE('',#2361,#2288,#234,.T.);
#1922=EDGE_CURVE('',#2361,#2360,#2561,.T.);
#1923=EDGE_CURVE('',#2362,#2287,#235,.T.);
#1924=EDGE_CURVE('',#2361,#2362,#236,.T.);
#1925=EDGE_CURVE('',#2363,#2286,#237,.T.);
#1926=EDGE_CURVE('',#2363,#2362,#2562,.T.);
#1927=EDGE_CURVE('',#2364,#2285,#238,.T.);
#1928=EDGE_CURVE('',#2364,#2363,#239,.T.);
#1929=EDGE_CURVE('',#2365,#2284,#240,.T.);
#1930=EDGE_CURVE('',#2365,#2364,#2563,.T.);
#1931=EDGE_CURVE('',#2366,#2274,#241,.T.);
#1932=EDGE_CURVE('',#2366,#2367,#2564,.T.);
#1933=EDGE_CURVE('',#2367,#2275,#242,.T.);
#1934=EDGE_CURVE('',#2368,#2281,#243,.T.);
#1935=EDGE_CURVE('',#2366,#2368,#244,.T.);
#1936=EDGE_CURVE('',#2369,#2280,#245,.T.);
#1937=EDGE_CURVE('',#2369,#2368,#2565,.T.);
#1938=EDGE_CURVE('',#2370,#2279,#246,.T.);
#1939=EDGE_CURVE('',#2369,#2370,#247,.T.);
#1940=EDGE_CURVE('',#2371,#2278,#248,.T.);
#1941=EDGE_CURVE('',#2371,#2370,#2566,.T.);
#1942=EDGE_CURVE('',#2372,#2277,#249,.T.);
#1943=EDGE_CURVE('',#2372,#2371,#250,.T.);
#1944=EDGE_CURVE('',#2373,#2276,#251,.T.);
#1945=EDGE_CURVE('',#2373,#2372,#2567,.T.);
#1946=EDGE_CURVE('',#2374,#2266,#252,.T.);
#1947=EDGE_CURVE('',#2374,#2375,#2568,.T.);
#1948=EDGE_CURVE('',#2375,#2267,#253,.T.);
#1949=EDGE_CURVE('',#2376,#2273,#254,.T.);
#1950=EDGE_CURVE('',#2374,#2376,#255,.T.);
#1951=EDGE_CURVE('',#2377,#2272,#256,.T.);
#1952=EDGE_CURVE('',#2377,#2376,#2569,.T.);
#1953=EDGE_CURVE('',#2378,#2271,#257,.T.);
#1954=EDGE_CURVE('',#2377,#2378,#258,.T.);
#1955=EDGE_CURVE('',#2379,#2270,#259,.T.);
#1956=EDGE_CURVE('',#2379,#2378,#2570,.T.);
#1957=EDGE_CURVE('',#2380,#2269,#260,.T.);
#1958=EDGE_CURVE('',#2380,#2379,#261,.T.);
#1959=EDGE_CURVE('',#2381,#2268,#262,.T.);
#1960=EDGE_CURVE('',#2381,#2380,#2571,.T.);
#1961=EDGE_CURVE('',#2382,#2258,#263,.T.);
#1962=EDGE_CURVE('',#2382,#2383,#2572,.T.);
#1963=EDGE_CURVE('',#2383,#2259,#264,.T.);
#1964=EDGE_CURVE('',#2384,#2265,#265,.T.);
#1965=EDGE_CURVE('',#2382,#2384,#266,.T.);
#1966=EDGE_CURVE('',#2385,#2264,#267,.T.);
#1967=EDGE_CURVE('',#2385,#2384,#2573,.T.);
#1968=EDGE_CURVE('',#2386,#2263,#268,.T.);
#1969=EDGE_CURVE('',#2385,#2386,#269,.T.);
#1970=EDGE_CURVE('',#2387,#2262,#270,.T.);
#1971=EDGE_CURVE('',#2387,#2386,#2574,.T.);
#1972=EDGE_CURVE('',#2388,#2261,#271,.T.);
#1973=EDGE_CURVE('',#2388,#2387,#272,.T.);
#1974=EDGE_CURVE('',#2389,#2260,#273,.T.);
#1975=EDGE_CURVE('',#2389,#2388,#2575,.T.);
#1976=EDGE_CURVE('',#2390,#2250,#274,.T.);
#1977=EDGE_CURVE('',#2390,#2391,#2576,.T.);
#1978=EDGE_CURVE('',#2391,#2251,#275,.T.);
#1979=EDGE_CURVE('',#2392,#2257,#276,.T.);
#1980=EDGE_CURVE('',#2390,#2392,#277,.T.);
#1981=EDGE_CURVE('',#2393,#2256,#278,.T.);
#1982=EDGE_CURVE('',#2393,#2392,#2577,.T.);
#1983=EDGE_CURVE('',#2394,#2255,#279,.T.);
#1984=EDGE_CURVE('',#2393,#2394,#280,.T.);
#1985=EDGE_CURVE('',#2395,#2254,#281,.T.);
#1986=EDGE_CURVE('',#2395,#2394,#2578,.T.);
#1987=EDGE_CURVE('',#2396,#2253,#282,.T.);
#1988=EDGE_CURVE('',#2396,#2395,#283,.T.);
#1989=EDGE_CURVE('',#2397,#2252,#284,.T.);
#1990=EDGE_CURVE('',#2397,#2396,#2579,.T.);
#1991=EDGE_CURVE('',#2398,#2242,#285,.T.);
#1992=EDGE_CURVE('',#2398,#2399,#2580,.T.);
#1993=EDGE_CURVE('',#2399,#2243,#286,.T.);
#1994=EDGE_CURVE('',#2400,#2249,#287,.T.);
#1995=EDGE_CURVE('',#2398,#2400,#288,.T.);
#1996=EDGE_CURVE('',#2401,#2248,#289,.T.);
#1997=EDGE_CURVE('',#2401,#2400,#2581,.T.);
#1998=EDGE_CURVE('',#2402,#2247,#290,.T.);
#1999=EDGE_CURVE('',#2401,#2402,#291,.T.);
#2000=EDGE_CURVE('',#2403,#2246,#292,.T.);
#2001=EDGE_CURVE('',#2403,#2402,#2582,.T.);
#2002=EDGE_CURVE('',#2404,#2245,#293,.T.);
#2003=EDGE_CURVE('',#2404,#2403,#294,.T.);
#2004=EDGE_CURVE('',#2405,#2244,#295,.T.);
#2005=EDGE_CURVE('',#2405,#2404,#2583,.T.);
#2006=EDGE_CURVE('',#2406,#2234,#296,.T.);
#2007=EDGE_CURVE('',#2406,#2407,#2584,.T.);
#2008=EDGE_CURVE('',#2407,#2235,#297,.T.);
#2009=EDGE_CURVE('',#2408,#2241,#298,.T.);
#2010=EDGE_CURVE('',#2406,#2408,#299,.T.);
#2011=EDGE_CURVE('',#2409,#2240,#300,.T.);
#2012=EDGE_CURVE('',#2409,#2408,#2585,.T.);
#2013=EDGE_CURVE('',#2410,#2239,#301,.T.);
#2014=EDGE_CURVE('',#2409,#2410,#302,.T.);
#2015=EDGE_CURVE('',#2411,#2238,#303,.T.);
#2016=EDGE_CURVE('',#2411,#2410,#2586,.T.);
#2017=EDGE_CURVE('',#2412,#2237,#304,.T.);
#2018=EDGE_CURVE('',#2412,#2411,#305,.T.);
#2019=EDGE_CURVE('',#2413,#2236,#306,.T.);
#2020=EDGE_CURVE('',#2413,#2412,#2587,.T.);
#2021=EDGE_CURVE('',#2414,#2226,#307,.T.);
#2022=EDGE_CURVE('',#2414,#2415,#2588,.T.);
#2023=EDGE_CURVE('',#2415,#2227,#308,.T.);
#2024=EDGE_CURVE('',#2416,#2233,#309,.T.);
#2025=EDGE_CURVE('',#2414,#2416,#310,.T.);
#2026=EDGE_CURVE('',#2417,#2232,#311,.T.);
#2027=EDGE_CURVE('',#2417,#2416,#2589,.T.);
#2028=EDGE_CURVE('',#2418,#2231,#312,.T.);
#2029=EDGE_CURVE('',#2417,#2418,#313,.T.);
#2030=EDGE_CURVE('',#2419,#2230,#314,.T.);
#2031=EDGE_CURVE('',#2419,#2418,#2590,.T.);
#2032=EDGE_CURVE('',#2420,#2229,#315,.T.);
#2033=EDGE_CURVE('',#2420,#2419,#316,.T.);
#2034=EDGE_CURVE('',#2421,#2228,#317,.T.);
#2035=EDGE_CURVE('',#2421,#2420,#2591,.T.);
#2036=EDGE_CURVE('',#2422,#2218,#318,.T.);
#2037=EDGE_CURVE('',#2422,#2423,#2592,.T.);
#2038=EDGE_CURVE('',#2423,#2219,#319,.T.);
#2039=EDGE_CURVE('',#2424,#2225,#320,.T.);
#2040=EDGE_CURVE('',#2422,#2424,#321,.T.);
#2041=EDGE_CURVE('',#2425,#2224,#322,.T.);
#2042=EDGE_CURVE('',#2425,#2424,#2593,.T.);
#2043=EDGE_CURVE('',#2426,#2223,#323,.T.);
#2044=EDGE_CURVE('',#2425,#2426,#324,.T.);
#2045=EDGE_CURVE('',#2427,#2222,#325,.T.);
#2046=EDGE_CURVE('',#2427,#2426,#2594,.T.);
#2047=EDGE_CURVE('',#2428,#2221,#326,.T.);
#2048=EDGE_CURVE('',#2428,#2427,#327,.T.);
#2049=EDGE_CURVE('',#2429,#2220,#328,.T.);
#2050=EDGE_CURVE('',#2429,#2428,#2595,.T.);
#2051=EDGE_CURVE('',#2430,#2210,#329,.T.);
#2052=EDGE_CURVE('',#2430,#2431,#2596,.T.);
#2053=EDGE_CURVE('',#2431,#2211,#330,.T.);
#2054=EDGE_CURVE('',#2432,#2217,#331,.T.);
#2055=EDGE_CURVE('',#2430,#2432,#332,.T.);
#2056=EDGE_CURVE('',#2433,#2216,#333,.T.);
#2057=EDGE_CURVE('',#2433,#2432,#2597,.T.);
#2058=EDGE_CURVE('',#2434,#2215,#334,.T.);
#2059=EDGE_CURVE('',#2433,#2434,#335,.T.);
#2060=EDGE_CURVE('',#2435,#2214,#336,.T.);
#2061=EDGE_CURVE('',#2435,#2434,#2598,.T.);
#2062=EDGE_CURVE('',#2436,#2213,#337,.T.);
#2063=EDGE_CURVE('',#2436,#2435,#338,.T.);
#2064=EDGE_CURVE('',#2437,#2212,#339,.T.);
#2065=EDGE_CURVE('',#2437,#2436,#2599,.T.);
#2066=EDGE_CURVE('',#2438,#2202,#340,.T.);
#2067=EDGE_CURVE('',#2438,#2439,#2600,.T.);
#2068=EDGE_CURVE('',#2439,#2203,#341,.T.);
#2069=EDGE_CURVE('',#2440,#2209,#342,.T.);
#2070=EDGE_CURVE('',#2438,#2440,#343,.T.);
#2071=EDGE_CURVE('',#2441,#2208,#344,.T.);
#2072=EDGE_CURVE('',#2441,#2440,#2601,.T.);
#2073=EDGE_CURVE('',#2442,#2207,#345,.T.);
#2074=EDGE_CURVE('',#2441,#2442,#346,.T.);
#2075=EDGE_CURVE('',#2443,#2206,#347,.T.);
#2076=EDGE_CURVE('',#2443,#2442,#2602,.T.);
#2077=EDGE_CURVE('',#2444,#2205,#348,.T.);
#2078=EDGE_CURVE('',#2444,#2443,#349,.T.);
#2079=EDGE_CURVE('',#2445,#2204,#350,.T.);
#2080=EDGE_CURVE('',#2445,#2444,#2603,.T.);
#2081=EDGE_CURVE('',#2446,#2194,#351,.T.);
#2082=EDGE_CURVE('',#2446,#2447,#2604,.T.);
#2083=EDGE_CURVE('',#2447,#2195,#352,.T.);
#2084=EDGE_CURVE('',#2448,#2201,#353,.T.);
#2085=EDGE_CURVE('',#2446,#2448,#354,.T.);
#2086=EDGE_CURVE('',#2449,#2200,#355,.T.);
#2087=EDGE_CURVE('',#2449,#2448,#2605,.T.);
#2088=EDGE_CURVE('',#2450,#2199,#356,.T.);
#2089=EDGE_CURVE('',#2449,#2450,#357,.T.);
#2090=EDGE_CURVE('',#2451,#2198,#358,.T.);
#2091=EDGE_CURVE('',#2451,#2450,#2606,.T.);
#2092=EDGE_CURVE('',#2452,#2197,#359,.T.);
#2093=EDGE_CURVE('',#2452,#2451,#360,.T.);
#2094=EDGE_CURVE('',#2453,#2196,#361,.T.);
#2095=EDGE_CURVE('',#2453,#2452,#2607,.T.);
#2096=EDGE_CURVE('',#2454,#2186,#362,.T.);
#2097=EDGE_CURVE('',#2454,#2455,#2608,.T.);
#2098=EDGE_CURVE('',#2455,#2187,#363,.T.);
#2099=EDGE_CURVE('',#2456,#2193,#364,.T.);
#2100=EDGE_CURVE('',#2454,#2456,#365,.T.);
#2101=EDGE_CURVE('',#2457,#2192,#366,.T.);
#2102=EDGE_CURVE('',#2457,#2456,#2609,.T.);
#2103=EDGE_CURVE('',#2458,#2191,#367,.T.);
#2104=EDGE_CURVE('',#2457,#2458,#368,.T.);
#2105=EDGE_CURVE('',#2459,#2190,#369,.T.);
#2106=EDGE_CURVE('',#2459,#2458,#2610,.T.);
#2107=EDGE_CURVE('',#2460,#2189,#370,.T.);
#2108=EDGE_CURVE('',#2460,#2459,#371,.T.);
#2109=EDGE_CURVE('',#2461,#2188,#372,.T.);
#2110=EDGE_CURVE('',#2461,#2460,#2611,.T.);
#2111=EDGE_CURVE('',#2343,#2349,#373,.T.);
#2112=EDGE_CURVE('',#2351,#2357,#374,.T.);
#2113=EDGE_CURVE('',#2359,#2365,#375,.T.);
#2114=EDGE_CURVE('',#2367,#2373,#376,.T.);
#2115=EDGE_CURVE('',#2375,#2381,#377,.T.);
#2116=EDGE_CURVE('',#2383,#2389,#378,.T.);
#2117=EDGE_CURVE('',#2391,#2397,#379,.T.);
#2118=EDGE_CURVE('',#2399,#2405,#380,.T.);
#2119=EDGE_CURVE('',#2407,#2413,#381,.T.);
#2120=EDGE_CURVE('',#2415,#2421,#382,.T.);
#2121=EDGE_CURVE('',#2423,#2429,#383,.T.);
#2122=EDGE_CURVE('',#2431,#2437,#384,.T.);
#2123=EDGE_CURVE('',#2439,#2445,#385,.T.);
#2124=EDGE_CURVE('',#2447,#2453,#386,.T.);
#2125=EDGE_CURVE('',#2455,#2461,#387,.T.);
#2126=EDGE_CURVE('',#2335,#2341,#388,.T.);
#2127=EDGE_CURVE('',#2462,#2463,#389,.T.);
#2128=EDGE_CURVE('',#2463,#2464,#390,.T.);
#2129=EDGE_CURVE('',#2465,#2464,#391,.T.);
#2130=EDGE_CURVE('',#2462,#2465,#392,.T.);
#2131=EDGE_CURVE('',#2171,#2316,#393,.T.);
#2132=EDGE_CURVE('',#2170,#2317,#394,.T.);
#2133=EDGE_CURVE('',#2158,#2462,#395,.T.);
#2134=EDGE_CURVE('',#2159,#2463,#396,.T.);
#2135=EDGE_CURVE('',#2160,#2465,#397,.T.);
#2136=EDGE_CURVE('',#2161,#2464,#398,.T.);
#2137=EDGE_CURVE('',#2326,#2182,#399,.T.);
#2138=EDGE_CURVE('',#2327,#2183,#400,.T.);
#2139=EDGE_CURVE('',#2328,#2185,#401,.T.);
#2140=EDGE_CURVE('',#2329,#2184,#402,.T.);
#2141=EDGE_CURVE('',#2331,#2164,#403,.T.);
#2142=EDGE_CURVE('',#2332,#2162,#404,.T.);
#2143=EDGE_CURVE('',#2333,#2163,#405,.T.);
#2144=EDGE_CURVE('',#2330,#2165,#406,.T.);
#2145=EDGE_CURVE('',#2175,#2179,#407,.T.);
#2146=EDGE_CURVE('',#2172,#2177,#408,.T.);
#2147=EDGE_CURVE('',#2176,#2178,#409,.T.);
#2148=VERTEX_POINT('',#4573);
#2149=VERTEX_POINT('',#4575);
#2150=VERTEX_POINT('',#4577);
#2151=VERTEX_POINT('',#4579);
#2152=VERTEX_POINT('',#4581);
#2153=VERTEX_POINT('',#4582);
#2154=VERTEX_POINT('',#4584);
#2155=VERTEX_POINT('',#4586);
#2156=VERTEX_POINT('',#4589);
#2157=VERTEX_POINT('',#4591);
#2158=VERTEX_POINT('',#4593);
#2159=VERTEX_POINT('',#4594);
#2160=VERTEX_POINT('',#4596);
#2161=VERTEX_POINT('',#4598);
#2162=VERTEX_POINT('',#4601);
#2163=VERTEX_POINT('',#4602);
#2164=VERTEX_POINT('',#4604);
#2165=VERTEX_POINT('',#4606);
#2166=VERTEX_POINT('',#4609);
#2167=VERTEX_POINT('',#4610);
#2168=VERTEX_POINT('',#4612);
#2169=VERTEX_POINT('',#4614);
#2170=VERTEX_POINT('',#4616);
#2171=VERTEX_POINT('',#4618);
#2172=VERTEX_POINT('',#4622);
#2173=VERTEX_POINT('',#4624);
#2174=VERTEX_POINT('',#4626);
#2175=VERTEX_POINT('',#4628);
#2176=VERTEX_POINT('',#4630);
#2177=VERTEX_POINT('',#4634);
#2178=VERTEX_POINT('',#4636);
#2179=VERTEX_POINT('',#4638);
#2180=VERTEX_POINT('',#4640);
#2181=VERTEX_POINT('',#4642);
#2182=VERTEX_POINT('',#4646);
#2183=VERTEX_POINT('',#4647);
#2184=VERTEX_POINT('',#4649);
#2185=VERTEX_POINT('',#4651);
#2186=VERTEX_POINT('',#4654);
#2187=VERTEX_POINT('',#4655);
#2188=VERTEX_POINT('',#4657);
#2189=VERTEX_POINT('',#4659);
#2190=VERTEX_POINT('',#4661);
#2191=VERTEX_POINT('',#4663);
#2192=VERTEX_POINT('',#4665);
#2193=VERTEX_POINT('',#4667);
#2194=VERTEX_POINT('',#4670);
#2195=VERTEX_POINT('',#4671);
#2196=VERTEX_POINT('',#4673);
#2197=VERTEX_POINT('',#4675);
#2198=VERTEX_POINT('',#4677);
#2199=VERTEX_POINT('',#4679);
#2200=VERTEX_POINT('',#4681);
#2201=VERTEX_POINT('',#4683);
#2202=VERTEX_POINT('',#4686);
#2203=VERTEX_POINT('',#4687);
#2204=VERTEX_POINT('',#4689);
#2205=VERTEX_POINT('',#4691);
#2206=VERTEX_POINT('',#4693);
#2207=VERTEX_POINT('',#4695);
#2208=VERTEX_POINT('',#4697);
#2209=VERTEX_POINT('',#4699);
#2210=VERTEX_POINT('',#4702);
#2211=VERTEX_POINT('',#4703);
#2212=VERTEX_POINT('',#4705);
#2213=VERTEX_POINT('',#4707);
#2214=VERTEX_POINT('',#4709);
#2215=VERTEX_POINT('',#4711);
#2216=VERTEX_POINT('',#4713);
#2217=VERTEX_POINT('',#4715);
#2218=VERTEX_POINT('',#4718);
#2219=VERTEX_POINT('',#4719);
#2220=VERTEX_POINT('',#4721);
#2221=VERTEX_POINT('',#4723);
#2222=VERTEX_POINT('',#4725);
#2223=VERTEX_POINT('',#4727);
#2224=VERTEX_POINT('',#4729);
#2225=VERTEX_POINT('',#4731);
#2226=VERTEX_POINT('',#4734);
#2227=VERTEX_POINT('',#4735);
#2228=VERTEX_POINT('',#4737);
#2229=VERTEX_POINT('',#4739);
#2230=VERTEX_POINT('',#4741);
#2231=VERTEX_POINT('',#4743);
#2232=VERTEX_POINT('',#4745);
#2233=VERTEX_POINT('',#4747);
#2234=VERTEX_POINT('',#4750);
#2235=VERTEX_POINT('',#4751);
#2236=VERTEX_POINT('',#4753);
#2237=VERTEX_POINT('',#4755);
#2238=VERTEX_POINT('',#4757);
#2239=VERTEX_POINT('',#4759);
#2240=VERTEX_POINT('',#4761);
#2241=VERTEX_POINT('',#4763);
#2242=VERTEX_POINT('',#4766);
#2243=VERTEX_POINT('',#4767);
#2244=VERTEX_POINT('',#4769);
#2245=VERTEX_POINT('',#4771);
#2246=VERTEX_POINT('',#4773);
#2247=VERTEX_POINT('',#4775);
#2248=VERTEX_POINT('',#4777);
#2249=VERTEX_POINT('',#4779);
#2250=VERTEX_POINT('',#4782);
#2251=VERTEX_POINT('',#4783);
#2252=VERTEX_POINT('',#4785);
#2253=VERTEX_POINT('',#4787);
#2254=VERTEX_POINT('',#4789);
#2255=VERTEX_POINT('',#4791);
#2256=VERTEX_POINT('',#4793);
#2257=VERTEX_POINT('',#4795);
#2258=VERTEX_POINT('',#4798);
#2259=VERTEX_POINT('',#4799);
#2260=VERTEX_POINT('',#4801);
#2261=VERTEX_POINT('',#4803);
#2262=VERTEX_POINT('',#4805);
#2263=VERTEX_POINT('',#4807);
#2264=VERTEX_POINT('',#4809);
#2265=VERTEX_POINT('',#4811);
#2266=VERTEX_POINT('',#4814);
#2267=VERTEX_POINT('',#4815);
#2268=VERTEX_POINT('',#4817);
#2269=VERTEX_POINT('',#4819);
#2270=VERTEX_POINT('',#4821);
#2271=VERTEX_POINT('',#4823);
#2272=VERTEX_POINT('',#4825);
#2273=VERTEX_POINT('',#4827);
#2274=VERTEX_POINT('',#4830);
#2275=VERTEX_POINT('',#4831);
#2276=VERTEX_POINT('',#4833);
#2277=VERTEX_POINT('',#4835);
#2278=VERTEX_POINT('',#4837);
#2279=VERTEX_POINT('',#4839);
#2280=VERTEX_POINT('',#4841);
#2281=VERTEX_POINT('',#4843);
#2282=VERTEX_POINT('',#4846);
#2283=VERTEX_POINT('',#4847);
#2284=VERTEX_POINT('',#4849);
#2285=VERTEX_POINT('',#4851);
#2286=VERTEX_POINT('',#4853);
#2287=VERTEX_POINT('',#4855);
#2288=VERTEX_POINT('',#4857);
#2289=VERTEX_POINT('',#4859);
#2290=VERTEX_POINT('',#4862);
#2291=VERTEX_POINT('',#4863);
#2292=VERTEX_POINT('',#4865);
#2293=VERTEX_POINT('',#4867);
#2294=VERTEX_POINT('',#4869);
#2295=VERTEX_POINT('',#4871);
#2296=VERTEX_POINT('',#4873);
#2297=VERTEX_POINT('',#4875);
#2298=VERTEX_POINT('',#4878);
#2299=VERTEX_POINT('',#4879);
#2300=VERTEX_POINT('',#4881);
#2301=VERTEX_POINT('',#4883);
#2302=VERTEX_POINT('',#4885);
#2303=VERTEX_POINT('',#4887);
#2304=VERTEX_POINT('',#4889);
#2305=VERTEX_POINT('',#4891);
#2306=VERTEX_POINT('',#4894);
#2307=VERTEX_POINT('',#4895);
#2308=VERTEX_POINT('',#4897);
#2309=VERTEX_POINT('',#4899);
#2310=VERTEX_POINT('',#4901);
#2311=VERTEX_POINT('',#4903);
#2312=VERTEX_POINT('',#4905);
#2313=VERTEX_POINT('',#4907);
#2314=VERTEX_POINT('',#4910);
#2315=VERTEX_POINT('',#4912);
#2316=VERTEX_POINT('',#4915);
#2317=VERTEX_POINT('',#4917);
#2318=VERTEX_POINT('',#4921);
#2319=VERTEX_POINT('',#4923);
#2320=VERTEX_POINT('',#4925);
#2321=VERTEX_POINT('',#4926);
#2322=VERTEX_POINT('',#4928);
#2323=VERTEX_POINT('',#4930);
#2324=VERTEX_POINT('',#4933);
#2325=VERTEX_POINT('',#4935);
#2326=VERTEX_POINT('',#4937);
#2327=VERTEX_POINT('',#4938);
#2328=VERTEX_POINT('',#4940);
#2329=VERTEX_POINT('',#4942);
#2330=VERTEX_POINT('',#4945);
#2331=VERTEX_POINT('',#4946);
#2332=VERTEX_POINT('',#4948);
#2333=VERTEX_POINT('',#4950);
#2334=VERTEX_POINT('',#4966);
#2335=VERTEX_POINT('',#4968);
#2336=VERTEX_POINT('',#4972);
#2337=VERTEX_POINT('',#4976);
#2338=VERTEX_POINT('',#4980);
#2339=VERTEX_POINT('',#4984);
#2340=VERTEX_POINT('',#4988);
#2341=VERTEX_POINT('',#4992);
#2342=VERTEX_POINT('',#4996);
#2343=VERTEX_POINT('',#4998);
#2344=VERTEX_POINT('',#5002);
#2345=VERTEX_POINT('',#5006);
#2346=VERTEX_POINT('',#5010);
#2347=VERTEX_POINT('',#5014);
#2348=VERTEX_POINT('',#5018);
#2349=VERTEX_POINT('',#5022);
#2350=VERTEX_POINT('',#5026);
#2351=VERTEX_POINT('',#5028);
#2352=VERTEX_POINT('',#5032);
#2353=VERTEX_POINT('',#5036);
#2354=VERTEX_POINT('',#5040);
#2355=VERTEX_POINT('',#5044);
#2356=VERTEX_POINT('',#5048);
#2357=VERTEX_POINT('',#5052);
#2358=VERTEX_POINT('',#5056);
#2359=VERTEX_POINT('',#5058);
#2360=VERTEX_POINT('',#5062);
#2361=VERTEX_POINT('',#5066);
#2362=VERTEX_POINT('',#5070);
#2363=VERTEX_POINT('',#5074);
#2364=VERTEX_POINT('',#5078);
#2365=VERTEX_POINT('',#5082);
#2366=VERTEX_POINT('',#5086);
#2367=VERTEX_POINT('',#5088);
#2368=VERTEX_POINT('',#5092);
#2369=VERTEX_POINT('',#5096);
#2370=VERTEX_POINT('',#5100);
#2371=VERTEX_POINT('',#5104);
#2372=VERTEX_POINT('',#5108);
#2373=VERTEX_POINT('',#5112);
#2374=VERTEX_POINT('',#5116);
#2375=VERTEX_POINT('',#5118);
#2376=VERTEX_POINT('',#5122);
#2377=VERTEX_POINT('',#5126);
#2378=VERTEX_POINT('',#5130);
#2379=VERTEX_POINT('',#5134);
#2380=VERTEX_POINT('',#5138);
#2381=VERTEX_POINT('',#5142);
#2382=VERTEX_POINT('',#5146);
#2383=VERTEX_POINT('',#5148);
#2384=VERTEX_POINT('',#5152);
#2385=VERTEX_POINT('',#5156);
#2386=VERTEX_POINT('',#5160);
#2387=VERTEX_POINT('',#5164);
#2388=VERTEX_POINT('',#5168);
#2389=VERTEX_POINT('',#5172);
#2390=VERTEX_POINT('',#5176);
#2391=VERTEX_POINT('',#5178);
#2392=VERTEX_POINT('',#5182);
#2393=VERTEX_POINT('',#5186);
#2394=VERTEX_POINT('',#5190);
#2395=VERTEX_POINT('',#5194);
#2396=VERTEX_POINT('',#5198);
#2397=VERTEX_POINT('',#5202);
#2398=VERTEX_POINT('',#5206);
#2399=VERTEX_POINT('',#5208);
#2400=VERTEX_POINT('',#5212);
#2401=VERTEX_POINT('',#5216);
#2402=VERTEX_POINT('',#5220);
#2403=VERTEX_POINT('',#5224);
#2404=VERTEX_POINT('',#5228);
#2405=VERTEX_POINT('',#5232);
#2406=VERTEX_POINT('',#5236);
#2407=VERTEX_POINT('',#5238);
#2408=VERTEX_POINT('',#5242);
#2409=VERTEX_POINT('',#5246);
#2410=VERTEX_POINT('',#5250);
#2411=VERTEX_POINT('',#5254);
#2412=VERTEX_POINT('',#5258);
#2413=VERTEX_POINT('',#5262);
#2414=VERTEX_POINT('',#5266);
#2415=VERTEX_POINT('',#5268);
#2416=VERTEX_POINT('',#5272);
#2417=VERTEX_POINT('',#5276);
#2418=VERTEX_POINT('',#5280);
#2419=VERTEX_POINT('',#5284);
#2420=VERTEX_POINT('',#5288);
#2421=VERTEX_POINT('',#5292);
#2422=VERTEX_POINT('',#5296);
#2423=VERTEX_POINT('',#5298);
#2424=VERTEX_POINT('',#5302);
#2425=VERTEX_POINT('',#5306);
#2426=VERTEX_POINT('',#5310);
#2427=VERTEX_POINT('',#5314);
#2428=VERTEX_POINT('',#5318);
#2429=VERTEX_POINT('',#5322);
#2430=VERTEX_POINT('',#5326);
#2431=VERTEX_POINT('',#5328);
#2432=VERTEX_POINT('',#5332);
#2433=VERTEX_POINT('',#5336);
#2434=VERTEX_POINT('',#5340);
#2435=VERTEX_POINT('',#5344);
#2436=VERTEX_POINT('',#5348);
#2437=VERTEX_POINT('',#5352);
#2438=VERTEX_POINT('',#5356);
#2439=VERTEX_POINT('',#5358);
#2440=VERTEX_POINT('',#5362);
#2441=VERTEX_POINT('',#5366);
#2442=VERTEX_POINT('',#5370);
#2443=VERTEX_POINT('',#5374);
#2444=VERTEX_POINT('',#5378);
#2445=VERTEX_POINT('',#5382);
#2446=VERTEX_POINT('',#5386);
#2447=VERTEX_POINT('',#5388);
#2448=VERTEX_POINT('',#5392);
#2449=VERTEX_POINT('',#5396);
#2450=VERTEX_POINT('',#5400);
#2451=VERTEX_POINT('',#5404);
#2452=VERTEX_POINT('',#5408);
#2453=VERTEX_POINT('',#5412);
#2454=VERTEX_POINT('',#5416);
#2455=VERTEX_POINT('',#5418);
#2456=VERTEX_POINT('',#5422);
#2457=VERTEX_POINT('',#5426);
#2458=VERTEX_POINT('',#5430);
#2459=VERTEX_POINT('',#5434);
#2460=VERTEX_POINT('',#5438);
#2461=VERTEX_POINT('',#5442);
#2462=VERTEX_POINT('',#5478);
#2463=VERTEX_POINT('',#5479);
#2464=VERTEX_POINT('',#5481);
#2465=VERTEX_POINT('',#5483);
#2466=CIRCLE('',#3317,0.0017);
#2467=CIRCLE('',#3318,0.0017);
#2468=CIRCLE('',#3319,0.003);
#2469=CIRCLE('',#3320,0.003);
#2470=CIRCLE('',#3321,0.0055);
#2471=CIRCLE('',#3322,0.0055);
#2472=CIRCLE('',#3323,0.00637436017431184);
#2473=CIRCLE('',#3324,0.00637436017431185);
#2474=CIRCLE('',#3326,0.00472713312914896);
#2475=CIRCLE('',#3328,0.00472713312914896);
#2476=CIRCLE('',#3330,0.0005);
#2477=CIRCLE('',#3331,0.0005);
#2478=CIRCLE('',#3332,0.000499999999999994);
#2479=CIRCLE('',#3333,0.0005);
#2480=CIRCLE('',#3334,0.0005);
#2481=CIRCLE('',#3335,0.0005);
#2482=CIRCLE('',#3336,0.0005);
#2483=CIRCLE('',#3337,0.0005);
#2484=CIRCLE('',#3338,0.0005);
#2485=CIRCLE('',#3339,0.0005);
#2486=CIRCLE('',#3340,0.0005);
#2487=CIRCLE('',#3341,0.0005);
#2488=CIRCLE('',#3342,0.0005);
#2489=CIRCLE('',#3343,0.0005);
#2490=CIRCLE('',#3344,0.0005);
#2491=CIRCLE('',#3345,0.0005);
#2492=CIRCLE('',#3346,0.0005);
#2493=CIRCLE('',#3347,0.0005);
#2494=CIRCLE('',#3348,0.0005);
#2495=CIRCLE('',#3349,0.0005);
#2496=CIRCLE('',#3350,0.0005);
#2497=CIRCLE('',#3351,0.0005);
#2498=CIRCLE('',#3352,0.0005);
#2499=CIRCLE('',#3353,0.0005);
#2500=CIRCLE('',#3354,0.0005);
#2501=CIRCLE('',#3355,0.0005);
#2502=CIRCLE('',#3356,0.0005);
#2503=CIRCLE('',#3357,0.0005);
#2504=CIRCLE('',#3358,0.0005);
#2505=CIRCLE('',#3359,0.0005);
#2506=CIRCLE('',#3360,0.0005);
#2507=CIRCLE('',#3361,0.0005);
#2508=CIRCLE('',#3362,0.0005);
#2509=CIRCLE('',#3363,0.0005);
#2510=CIRCLE('',#3364,0.0005);
#2511=CIRCLE('',#3365,0.0005);
#2512=CIRCLE('',#3366,0.0005);
#2513=CIRCLE('',#3367,0.0005);
#2514=CIRCLE('',#3368,0.0005);
#2515=CIRCLE('',#3369,0.0005);
#2516=CIRCLE('',#3370,0.0005);
#2517=CIRCLE('',#3371,0.0005);
#2518=CIRCLE('',#3372,0.0005);
#2519=CIRCLE('',#3373,0.0005);
#2520=CIRCLE('',#3374,0.0005);
#2521=CIRCLE('',#3375,0.0005);
#2522=CIRCLE('',#3376,0.0005);
#2523=CIRCLE('',#3377,0.0005);
#2524=CIRCLE('',#3378,0.0005);
#2525=CIRCLE('',#3379,0.0005);
#2526=CIRCLE('',#3380,0.0005);
#2527=CIRCLE('',#3381,0.0005);
#2528=CIRCLE('',#3382,0.0005);
#2529=CIRCLE('',#3383,0.0005);
#2530=CIRCLE('',#3384,0.0005);
#2531=CIRCLE('',#3385,0.0005);
#2532=CIRCLE('',#3386,0.0005);
#2533=CIRCLE('',#3387,0.0005);
#2534=CIRCLE('',#3388,0.0005);
#2535=CIRCLE('',#3389,0.0005);
#2536=CIRCLE('',#3390,0.0005);
#2537=CIRCLE('',#3391,0.0005);
#2538=CIRCLE('',#3392,0.0005);
#2539=CIRCLE('',#3393,0.0005);
#2540=CIRCLE('',#3394,0.0017);
#2541=CIRCLE('',#3395,0.0017);
#2542=CIRCLE('',#3396,0.00637436017431185);
#2543=CIRCLE('',#3397,0.00637436017431184);
#2544=CIRCLE('',#3399,0.003);
#2545=CIRCLE('',#3400,0.003);
#2546=CIRCLE('',#3401,0.0055);
#2547=CIRCLE('',#3402,0.0055);
#2548=CIRCLE('',#3412,0.0005);
#2549=CIRCLE('',#3415,0.0005);
#2550=CIRCLE('',#3418,0.0005);
#2551=CIRCLE('',#3421,0.0005);
#2552=CIRCLE('',#3423,0.0005);
#2553=CIRCLE('',#3426,0.0005);
#2554=CIRCLE('',#3429,0.0005);
#2555=CIRCLE('',#3432,0.0005);
#2556=CIRCLE('',#3434,0.0005);
#2557=CIRCLE('',#3437,0.0005);
#2558=CIRCLE('',#3440,0.0005);
#2559=CIRCLE('',#3443,0.0005);
#2560=CIRCLE('',#3445,0.0005);
#2561=CIRCLE('',#3448,0.0005);
#2562=CIRCLE('',#3451,0.0005);
#2563=CIRCLE('',#3454,0.0005);
#2564=CIRCLE('',#3456,0.0005);
#2565=CIRCLE('',#3459,0.0005);
#2566=CIRCLE('',#3462,0.0005);
#2567=CIRCLE('',#3465,0.0005);
#2568=CIRCLE('',#3467,0.0005);
#2569=CIRCLE('',#3470,0.0005);
#2570=CIRCLE('',#3473,0.0005);
#2571=CIRCLE('',#3476,0.0005);
#2572=CIRCLE('',#3478,0.0005);
#2573=CIRCLE('',#3481,0.0005);
#2574=CIRCLE('',#3484,0.0005);
#2575=CIRCLE('',#3487,0.0005);
#2576=CIRCLE('',#3489,0.0005);
#2577=CIRCLE('',#3492,0.0005);
#2578=CIRCLE('',#3495,0.0005);
#2579=CIRCLE('',#3498,0.0005);
#2580=CIRCLE('',#3500,0.0005);
#2581=CIRCLE('',#3503,0.0005);
#2582=CIRCLE('',#3506,0.0005);
#2583=CIRCLE('',#3509,0.0005);
#2584=CIRCLE('',#3511,0.0005);
#2585=CIRCLE('',#3514,0.0005);
#2586=CIRCLE('',#3517,0.0005);
#2587=CIRCLE('',#3520,0.0005);
#2588=CIRCLE('',#3522,0.0005);
#2589=CIRCLE('',#3525,0.0005);
#2590=CIRCLE('',#3528,0.0005);
#2591=CIRCLE('',#3531,0.0005);
#2592=CIRCLE('',#3533,0.0005);
#2593=CIRCLE('',#3536,0.0005);
#2594=CIRCLE('',#3539,0.0005);
#2595=CIRCLE('',#3542,0.0005);
#2596=CIRCLE('',#3544,0.0005);
#2597=CIRCLE('',#3547,0.0005);
#2598=CIRCLE('',#3550,0.0005);
#2599=CIRCLE('',#3553,0.0005);
#2600=CIRCLE('',#3555,0.0005);
#2601=CIRCLE('',#3558,0.0005);
#2602=CIRCLE('',#3561,0.0005);
#2603=CIRCLE('',#3564,0.0005);
#2604=CIRCLE('',#3566,0.0005);
#2605=CIRCLE('',#3569,0.0005);
#2606=CIRCLE('',#3572,0.0005);
#2607=CIRCLE('',#3575,0.0005);
#2608=CIRCLE('',#3577,0.0005);
#2609=CIRCLE('',#3580,0.0005);
#2610=CIRCLE('',#3583,0.000499999999999994);
#2611=CIRCLE('',#3586,0.0005);
#2612=EDGE_LOOP('',(#735));
#2613=EDGE_LOOP('',(#736));
#2614=EDGE_LOOP('',(#737));
#2615=EDGE_LOOP('',(#738));
#2616=EDGE_LOOP('',(#739,#740,#741,#742));
#2617=EDGE_LOOP('',(#743));
#2618=EDGE_LOOP('',(#744));
#2619=EDGE_LOOP('',(#745,#746,#747,#748));
#2620=EDGE_LOOP('',(#749,#750,#751,#752));
#2621=EDGE_LOOP('',(#753,#754,#755,#756,#757,#758));
#2622=EDGE_LOOP('',(#759,#760,#761,#762,#763,#764,#765));
#2623=EDGE_LOOP('',(#766,#767,#768,#769,#770,#771,#772));
#2624=EDGE_LOOP('',(#773,#774,#775,#776));
#2625=EDGE_LOOP('',(#777,#778,#779,#780,#781,#782,#783,#784));
#2626=EDGE_LOOP('',(#785,#786,#787,#788,#789,#790,#791,#792));
#2627=EDGE_LOOP('',(#793,#794,#795,#796,#797,#798,#799,#800));
#2628=EDGE_LOOP('',(#801,#802,#803,#804,#805,#806,#807,#808));
#2629=EDGE_LOOP('',(#809,#810,#811,#812,#813,#814,#815,#816));
#2630=EDGE_LOOP('',(#817,#818,#819,#820,#821,#822,#823,#824));
#2631=EDGE_LOOP('',(#825,#826,#827,#828,#829,#830,#831,#832));
#2632=EDGE_LOOP('',(#833,#834,#835,#836,#837,#838,#839,#840));
#2633=EDGE_LOOP('',(#841,#842,#843,#844,#845,#846,#847,#848));
#2634=EDGE_LOOP('',(#849,#850,#851,#852,#853,#854,#855,#856));
#2635=EDGE_LOOP('',(#857,#858,#859,#860,#861,#862,#863,#864));
#2636=EDGE_LOOP('',(#865,#866,#867,#868,#869,#870,#871,#872));
#2637=EDGE_LOOP('',(#873,#874,#875,#876,#877,#878,#879,#880));
#2638=EDGE_LOOP('',(#881,#882,#883,#884,#885,#886,#887,#888));
#2639=EDGE_LOOP('',(#889,#890,#891,#892,#893,#894,#895,#896));
#2640=EDGE_LOOP('',(#897,#898,#899,#900,#901,#902,#903,#904));
#2641=EDGE_LOOP('',(#905));
#2642=EDGE_LOOP('',(#906));
#2643=EDGE_LOOP('',(#907,#908,#909,#910,#911,#912));
#2644=EDGE_LOOP('',(#913));
#2645=EDGE_LOOP('',(#914));
#2646=EDGE_LOOP('',(#915,#916,#917,#918));
#2647=EDGE_LOOP('',(#919));
#2648=EDGE_LOOP('',(#920));
#2649=EDGE_LOOP('',(#921,#922,#923,#924));
#2650=EDGE_LOOP('',(#925,#926,#927,#928));
#2651=EDGE_LOOP('',(#929,#930,#931,#932));
#2652=EDGE_LOOP('',(#933,#934,#935,#936));
#2653=EDGE_LOOP('',(#937,#938,#939,#940));
#2654=EDGE_LOOP('',(#941));
#2655=EDGE_LOOP('',(#942));
#2656=EDGE_LOOP('',(#943));
#2657=EDGE_LOOP('',(#944));
#2658=EDGE_LOOP('',(#945,#946,#947,#948));
#2659=EDGE_LOOP('',(#949));
#2660=EDGE_LOOP('',(#950));
#2661=EDGE_LOOP('',(#951));
#2662=EDGE_LOOP('',(#952));
#2663=EDGE_LOOP('',(#953,#954,#955,#956));
#2664=EDGE_LOOP('',(#957,#958,#959,#960));
#2665=EDGE_LOOP('',(#961,#962,#963,#964));
#2666=EDGE_LOOP('',(#965,#966,#967,#968));
#2667=EDGE_LOOP('',(#969,#970,#971,#972));
#2668=EDGE_LOOP('',(#973,#974,#975,#976));
#2669=EDGE_LOOP('',(#977,#978,#979,#980));
#2670=EDGE_LOOP('',(#981,#982,#983,#984));
#2671=EDGE_LOOP('',(#985,#986,#987,#988));
#2672=EDGE_LOOP('',(#989,#990,#991,#992));
#2673=EDGE_LOOP('',(#993,#994,#995,#996));
#2674=EDGE_LOOP('',(#997,#998,#999,#1000));
#2675=EDGE_LOOP('',(#1001,#1002,#1003,#1004));
#2676=EDGE_LOOP('',(#1005,#1006,#1007,#1008));
#2677=EDGE_LOOP('',(#1009,#1010,#1011,#1012));
#2678=EDGE_LOOP('',(#1013,#1014,#1015,#1016));
#2679=EDGE_LOOP('',(#1017,#1018,#1019,#1020));
#2680=EDGE_LOOP('',(#1021,#1022,#1023,#1024));
#2681=EDGE_LOOP('',(#1025,#1026,#1027,#1028));
#2682=EDGE_LOOP('',(#1029,#1030,#1031,#1032));
#2683=EDGE_LOOP('',(#1033,#1034,#1035,#1036));
#2684=EDGE_LOOP('',(#1037,#1038,#1039,#1040));
#2685=EDGE_LOOP('',(#1041,#1042,#1043,#1044));
#2686=EDGE_LOOP('',(#1045,#1046,#1047,#1048));
#2687=EDGE_LOOP('',(#1049,#1050,#1051,#1052));
#2688=EDGE_LOOP('',(#1053,#1054,#1055,#1056));
#2689=EDGE_LOOP('',(#1057,#1058,#1059,#1060));
#2690=EDGE_LOOP('',(#1061,#1062,#1063,#1064));
#2691=EDGE_LOOP('',(#1065,#1066,#1067,#1068));
#2692=EDGE_LOOP('',(#1069,#1070,#1071,#1072));
#2693=EDGE_LOOP('',(#1073,#1074,#1075,#1076));
#2694=EDGE_LOOP('',(#1077,#1078,#1079,#1080));
#2695=EDGE_LOOP('',(#1081,#1082,#1083,#1084));
#2696=EDGE_LOOP('',(#1085,#1086,#1087,#1088));
#2697=EDGE_LOOP('',(#1089,#1090,#1091,#1092));
#2698=EDGE_LOOP('',(#1093,#1094,#1095,#1096));
#2699=EDGE_LOOP('',(#1097,#1098,#1099,#1100));
#2700=EDGE_LOOP('',(#1101,#1102,#1103,#1104));
#2701=EDGE_LOOP('',(#1105,#1106,#1107,#1108));
#2702=EDGE_LOOP('',(#1109,#1110,#1111,#1112));
#2703=EDGE_LOOP('',(#1113,#1114,#1115,#1116));
#2704=EDGE_LOOP('',(#1117,#1118,#1119,#1120));
#2705=EDGE_LOOP('',(#1121,#1122,#1123,#1124));
#2706=EDGE_LOOP('',(#1125,#1126,#1127,#1128));
#2707=EDGE_LOOP('',(#1129,#1130,#1131,#1132));
#2708=EDGE_LOOP('',(#1133,#1134,#1135,#1136));
#2709=EDGE_LOOP('',(#1137,#1138,#1139,#1140));
#2710=EDGE_LOOP('',(#1141,#1142,#1143,#1144));
#2711=EDGE_LOOP('',(#1145,#1146,#1147,#1148));
#2712=EDGE_LOOP('',(#1149,#1150,#1151,#1152));
#2713=EDGE_LOOP('',(#1153,#1154,#1155,#1156));
#2714=EDGE_LOOP('',(#1157,#1158,#1159,#1160));
#2715=EDGE_LOOP('',(#1161,#1162,#1163,#1164));
#2716=EDGE_LOOP('',(#1165,#1166,#1167,#1168));
#2717=EDGE_LOOP('',(#1169,#1170,#1171,#1172));
#2718=EDGE_LOOP('',(#1173,#1174,#1175,#1176));
#2719=EDGE_LOOP('',(#1177,#1178,#1179,#1180));
#2720=EDGE_LOOP('',(#1181,#1182,#1183,#1184));
#2721=EDGE_LOOP('',(#1185,#1186,#1187,#1188));
#2722=EDGE_LOOP('',(#1189,#1190,#1191,#1192));
#2723=EDGE_LOOP('',(#1193,#1194,#1195,#1196));
#2724=EDGE_LOOP('',(#1197,#1198,#1199,#1200));
#2725=EDGE_LOOP('',(#1201,#1202,#1203,#1204));
#2726=EDGE_LOOP('',(#1205,#1206,#1207,#1208));
#2727=EDGE_LOOP('',(#1209,#1210,#1211,#1212));
#2728=EDGE_LOOP('',(#1213,#1214,#1215,#1216));
#2729=EDGE_LOOP('',(#1217,#1218,#1219,#1220));
#2730=EDGE_LOOP('',(#1221,#1222,#1223,#1224));
#2731=EDGE_LOOP('',(#1225,#1226,#1227,#1228));
#2732=EDGE_LOOP('',(#1229,#1230,#1231,#1232));
#2733=EDGE_LOOP('',(#1233,#1234,#1235,#1236));
#2734=EDGE_LOOP('',(#1237,#1238,#1239,#1240));
#2735=EDGE_LOOP('',(#1241,#1242,#1243,#1244));
#2736=EDGE_LOOP('',(#1245,#1246,#1247,#1248));
#2737=EDGE_LOOP('',(#1249,#1250,#1251,#1252));
#2738=EDGE_LOOP('',(#1253,#1254,#1255,#1256));
#2739=EDGE_LOOP('',(#1257,#1258,#1259,#1260));
#2740=EDGE_LOOP('',(#1261,#1262,#1263,#1264));
#2741=EDGE_LOOP('',(#1265,#1266,#1267,#1268));
#2742=EDGE_LOOP('',(#1269,#1270,#1271,#1272));
#2743=EDGE_LOOP('',(#1273,#1274,#1275,#1276));
#2744=EDGE_LOOP('',(#1277,#1278,#1279,#1280));
#2745=EDGE_LOOP('',(#1281,#1282,#1283,#1284));
#2746=EDGE_LOOP('',(#1285,#1286,#1287,#1288));
#2747=EDGE_LOOP('',(#1289,#1290,#1291,#1292));
#2748=EDGE_LOOP('',(#1293,#1294,#1295,#1296));
#2749=EDGE_LOOP('',(#1297,#1298,#1299,#1300));
#2750=EDGE_LOOP('',(#1301,#1302,#1303,#1304));
#2751=EDGE_LOOP('',(#1305,#1306,#1307,#1308));
#2752=EDGE_LOOP('',(#1309,#1310,#1311,#1312));
#2753=EDGE_LOOP('',(#1313,#1314,#1315,#1316));
#2754=EDGE_LOOP('',(#1317,#1318,#1319,#1320));
#2755=EDGE_LOOP('',(#1321,#1322,#1323,#1324));
#2756=EDGE_LOOP('',(#1325,#1326,#1327,#1328));
#2757=EDGE_LOOP('',(#1329,#1330,#1331,#1332));
#2758=EDGE_LOOP('',(#1333,#1334,#1335,#1336));
#2759=EDGE_LOOP('',(#1337,#1338,#1339,#1340));
#2760=EDGE_LOOP('',(#1341,#1342,#1343,#1344));
#2761=EDGE_LOOP('',(#1345,#1346,#1347,#1348));
#2762=EDGE_LOOP('',(#1349,#1350,#1351,#1352));
#2763=EDGE_LOOP('',(#1353,#1354,#1355,#1356));
#2764=EDGE_LOOP('',(#1357,#1358,#1359,#1360));
#2765=EDGE_LOOP('',(#1361,#1362,#1363,#1364));
#2766=EDGE_LOOP('',(#1365,#1366,#1367,#1368));
#2767=EDGE_LOOP('',(#1369,#1370,#1371,#1372));
#2768=EDGE_LOOP('',(#1373,#1374,#1375,#1376));
#2769=EDGE_LOOP('',(#1377,#1378,#1379,#1380));
#2770=EDGE_LOOP('',(#1381,#1382,#1383,#1384));
#2771=EDGE_LOOP('',(#1385,#1386,#1387,#1388));
#2772=EDGE_LOOP('',(#1389,#1390,#1391,#1392));
#2773=EDGE_LOOP('',(#1393,#1394,#1395,#1396));
#2774=EDGE_LOOP('',(#1397,#1398,#1399,#1400));
#2775=EDGE_LOOP('',(#1401,#1402,#1403,#1404));
#2776=EDGE_LOOP('',(#1405,#1406,#1407,#1408));
#2777=EDGE_LOOP('',(#1409,#1410,#1411,#1412));
#2778=EDGE_LOOP('',(#1413,#1414,#1415,#1416));
#2779=EDGE_LOOP('',(#1417,#1418,#1419,#1420));
#2780=EDGE_LOOP('',(#1421,#1422,#1423,#1424));
#2781=EDGE_LOOP('',(#1425,#1426,#1427,#1428));
#2782=EDGE_LOOP('',(#1429,#1430,#1431,#1432));
#2783=EDGE_LOOP('',(#1433,#1434,#1435,#1436));
#2784=EDGE_LOOP('',(#1437,#1438,#1439,#1440));
#2785=EDGE_LOOP('',(#1441,#1442,#1443,#1444));
#2786=EDGE_LOOP('',(#1445,#1446,#1447,#1448));
#2787=EDGE_LOOP('',(#1449,#1450,#1451,#1452));
#2788=EDGE_LOOP('',(#1453,#1454,#1455,#1456));
#2789=EDGE_LOOP('',(#1457,#1458,#1459,#1460));
#2790=EDGE_LOOP('',(#1461,#1462,#1463,#1464));
#2791=EDGE_LOOP('',(#1465,#1466,#1467,#1468));
#2792=EDGE_LOOP('',(#1469,#1470,#1471,#1472,#1473,#1474,#1475,#1476));
#2793=EDGE_LOOP('',(#1477,#1478,#1479,#1480,#1481,#1482,#1483,#1484));
#2794=EDGE_LOOP('',(#1485,#1486,#1487,#1488,#1489,#1490,#1491,#1492));
#2795=EDGE_LOOP('',(#1493,#1494,#1495,#1496,#1497,#1498,#1499,#1500));
#2796=EDGE_LOOP('',(#1501,#1502,#1503,#1504,#1505,#1506,#1507,#1508));
#2797=EDGE_LOOP('',(#1509,#1510,#1511,#1512,#1513,#1514,#1515,#1516));
#2798=EDGE_LOOP('',(#1517,#1518,#1519,#1520,#1521,#1522,#1523,#1524));
#2799=EDGE_LOOP('',(#1525,#1526,#1527,#1528,#1529,#1530,#1531,#1532));
#2800=EDGE_LOOP('',(#1533,#1534,#1535,#1536,#1537,#1538,#1539,#1540));
#2801=EDGE_LOOP('',(#1541,#1542,#1543,#1544,#1545,#1546,#1547,#1548));
#2802=EDGE_LOOP('',(#1549,#1550,#1551,#1552,#1553,#1554,#1555,#1556));
#2803=EDGE_LOOP('',(#1557,#1558,#1559,#1560,#1561,#1562,#1563,#1564));
#2804=EDGE_LOOP('',(#1565,#1566,#1567,#1568,#1569,#1570,#1571,#1572));
#2805=EDGE_LOOP('',(#1573,#1574,#1575,#1576,#1577,#1578,#1579,#1580));
#2806=EDGE_LOOP('',(#1581,#1582,#1583,#1584,#1585,#1586,#1587,#1588));
#2807=EDGE_LOOP('',(#1589,#1590,#1591,#1592,#1593,#1594,#1595,#1596));
#2808=EDGE_LOOP('',(#1597,#1598,#1599,#1600));
#2809=EDGE_LOOP('',(#1601,#1602,#1603,#1604));
#2810=EDGE_LOOP('',(#1605));
#2811=EDGE_LOOP('',(#1606));
#2812=EDGE_LOOP('',(#1607));
#2813=EDGE_LOOP('',(#1608));
#2814=EDGE_LOOP('',(#1609,#1610,#1611,#1612));
#2815=EDGE_LOOP('',(#1613,#1614,#1615,#1616));
#2816=EDGE_LOOP('',(#1617,#1618,#1619,#1620));
#2817=EDGE_LOOP('',(#1621,#1622,#1623,#1624));
#2818=EDGE_LOOP('',(#1625,#1626,#1627,#1628));
#2819=EDGE_LOOP('',(#1629,#1630,#1631,#1632));
#2820=EDGE_LOOP('',(#1633,#1634,#1635,#1636));
#2821=EDGE_LOOP('',(#1637,#1638,#1639,#1640));
#2822=EDGE_LOOP('',(#1641,#1642,#1643,#1644));
#2823=EDGE_LOOP('',(#1645,#1646,#1647,#1648));
#2824=EDGE_LOOP('',(#1649,#1650,#1651,#1652));
#2825=EDGE_LOOP('',(#1653,#1654,#1655,#1656));
#2826=EDGE_LOOP('',(#1657,#1658,#1659,#1660));
#2827=EDGE_LOOP('',(#1661,#1662,#1663,#1664));
#2828=EDGE_LOOP('',(#1665,#1666,#1667,#1668));
#2829=EDGE_LOOP('',(#1669,#1670,#1671,#1672));
#2830=EDGE_LOOP('',(#1673,#1674,#1675,#1676));
#2831=FACE_BOUND('',#2612,.T.);
#2832=FACE_BOUND('',#2613,.T.);
#2833=FACE_BOUND('',#2614,.T.);
#2834=FACE_BOUND('',#2615,.T.);
#2835=FACE_BOUND('',#2616,.T.);
#2836=FACE_BOUND('',#2617,.T.);
#2837=FACE_BOUND('',#2618,.T.);
#2838=FACE_BOUND('',#2619,.T.);
#2839=FACE_BOUND('',#2620,.T.);
#2840=FACE_BOUND('',#2621,.T.);
#2841=FACE_BOUND('',#2622,.T.);
#2842=FACE_BOUND('',#2623,.T.);
#2843=FACE_BOUND('',#2624,.T.);
#2844=FACE_BOUND('',#2625,.T.);
#2845=FACE_BOUND('',#2626,.T.);
#2846=FACE_BOUND('',#2627,.T.);
#2847=FACE_BOUND('',#2628,.T.);
#2848=FACE_BOUND('',#2629,.T.);
#2849=FACE_BOUND('',#2630,.T.);
#2850=FACE_BOUND('',#2631,.T.);
#2851=FACE_BOUND('',#2632,.T.);
#2852=FACE_BOUND('',#2633,.T.);
#2853=FACE_BOUND('',#2634,.T.);
#2854=FACE_BOUND('',#2635,.T.);
#2855=FACE_BOUND('',#2636,.T.);
#2856=FACE_BOUND('',#2637,.T.);
#2857=FACE_BOUND('',#2638,.T.);
#2858=FACE_BOUND('',#2639,.T.);
#2859=FACE_BOUND('',#2640,.T.);
#2860=FACE_BOUND('',#2641,.T.);
#2861=FACE_BOUND('',#2642,.T.);
#2862=FACE_BOUND('',#2643,.T.);
#2863=FACE_BOUND('',#2644,.T.);
#2864=FACE_BOUND('',#2645,.T.);
#2865=FACE_BOUND('',#2646,.T.);
#2866=FACE_BOUND('',#2647,.T.);
#2867=FACE_BOUND('',#2648,.T.);
#2868=FACE_BOUND('',#2649,.T.);
#2869=FACE_BOUND('',#2650,.T.);
#2870=FACE_BOUND('',#2651,.T.);
#2871=FACE_BOUND('',#2652,.T.);
#2872=FACE_BOUND('',#2653,.T.);
#2873=FACE_BOUND('',#2654,.T.);
#2874=FACE_BOUND('',#2655,.T.);
#2875=FACE_BOUND('',#2656,.T.);
#2876=FACE_BOUND('',#2657,.T.);
#2877=FACE_BOUND('',#2658,.T.);
#2878=FACE_BOUND('',#2659,.T.);
#2879=FACE_BOUND('',#2660,.T.);
#2880=FACE_BOUND('',#2661,.T.);
#2881=FACE_BOUND('',#2662,.T.);
#2882=FACE_BOUND('',#2663,.T.);
#2883=FACE_BOUND('',#2664,.T.);
#2884=FACE_BOUND('',#2665,.T.);
#2885=FACE_BOUND('',#2666,.T.);
#2886=FACE_BOUND('',#2667,.T.);
#2887=FACE_BOUND('',#2668,.T.);
#2888=FACE_BOUND('',#2669,.T.);
#2889=FACE_BOUND('',#2670,.T.);
#2890=FACE_BOUND('',#2671,.T.);
#2891=FACE_BOUND('',#2672,.T.);
#2892=FACE_BOUND('',#2673,.T.);
#2893=FACE_BOUND('',#2674,.T.);
#2894=FACE_BOUND('',#2675,.T.);
#2895=FACE_BOUND('',#2676,.T.);
#2896=FACE_BOUND('',#2677,.T.);
#2897=FACE_BOUND('',#2678,.T.);
#2898=FACE_BOUND('',#2679,.T.);
#2899=FACE_BOUND('',#2680,.T.);
#2900=FACE_BOUND('',#2681,.T.);
#2901=FACE_BOUND('',#2682,.T.);
#2902=FACE_BOUND('',#2683,.T.);
#2903=FACE_BOUND('',#2684,.T.);
#2904=FACE_BOUND('',#2685,.T.);
#2905=FACE_BOUND('',#2686,.T.);
#2906=FACE_BOUND('',#2687,.T.);
#2907=FACE_BOUND('',#2688,.T.);
#2908=FACE_BOUND('',#2689,.T.);
#2909=FACE_BOUND('',#2690,.T.);
#2910=FACE_BOUND('',#2691,.T.);
#2911=FACE_BOUND('',#2692,.T.);
#2912=FACE_BOUND('',#2693,.T.);
#2913=FACE_BOUND('',#2694,.T.);
#2914=FACE_BOUND('',#2695,.T.);
#2915=FACE_BOUND('',#2696,.T.);
#2916=FACE_BOUND('',#2697,.T.);
#2917=FACE_BOUND('',#2698,.T.);
#2918=FACE_BOUND('',#2699,.T.);
#2919=FACE_BOUND('',#2700,.T.);
#2920=FACE_BOUND('',#2701,.T.);
#2921=FACE_BOUND('',#2702,.T.);
#2922=FACE_BOUND('',#2703,.T.);
#2923=FACE_BOUND('',#2704,.T.);
#2924=FACE_BOUND('',#2705,.T.);
#2925=FACE_BOUND('',#2706,.T.);
#2926=FACE_BOUND('',#2707,.T.);
#2927=FACE_BOUND('',#2708,.T.);
#2928=FACE_BOUND('',#2709,.T.);
#2929=FACE_BOUND('',#2710,.T.);
#2930=FACE_BOUND('',#2711,.T.);
#2931=FACE_BOUND('',#2712,.T.);
#2932=FACE_BOUND('',#2713,.T.);
#2933=FACE_BOUND('',#2714,.T.);
#2934=FACE_BOUND('',#2715,.T.);
#2935=FACE_BOUND('',#2716,.T.);
#2936=FACE_BOUND('',#2717,.T.);
#2937=FACE_BOUND('',#2718,.T.);
#2938=FACE_BOUND('',#2719,.T.);
#2939=FACE_BOUND('',#2720,.T.);
#2940=FACE_BOUND('',#2721,.T.);
#2941=FACE_BOUND('',#2722,.T.);
#2942=FACE_BOUND('',#2723,.T.);
#2943=FACE_BOUND('',#2724,.T.);
#2944=FACE_BOUND('',#2725,.T.);
#2945=FACE_BOUND('',#2726,.T.);
#2946=FACE_BOUND('',#2727,.T.);
#2947=FACE_BOUND('',#2728,.T.);
#2948=FACE_BOUND('',#2729,.T.);
#2949=FACE_BOUND('',#2730,.T.);
#2950=FACE_BOUND('',#2731,.T.);
#2951=FACE_BOUND('',#2732,.T.);
#2952=FACE_BOUND('',#2733,.T.);
#2953=FACE_BOUND('',#2734,.T.);
#2954=FACE_BOUND('',#2735,.T.);
#2955=FACE_BOUND('',#2736,.T.);
#2956=FACE_BOUND('',#2737,.T.);
#2957=FACE_BOUND('',#2738,.T.);
#2958=FACE_BOUND('',#2739,.T.);
#2959=FACE_BOUND('',#2740,.T.);
#2960=FACE_BOUND('',#2741,.T.);
#2961=FACE_BOUND('',#2742,.T.);
#2962=FACE_BOUND('',#2743,.T.);
#2963=FACE_BOUND('',#2744,.T.);
#2964=FACE_BOUND('',#2745,.T.);
#2965=FACE_BOUND('',#2746,.T.);
#2966=FACE_BOUND('',#2747,.T.);
#2967=FACE_BOUND('',#2748,.T.);
#2968=FACE_BOUND('',#2749,.T.);
#2969=FACE_BOUND('',#2750,.T.);
#2970=FACE_BOUND('',#2751,.T.);
#2971=FACE_BOUND('',#2752,.T.);
#2972=FACE_BOUND('',#2753,.T.);
#2973=FACE_BOUND('',#2754,.T.);
#2974=FACE_BOUND('',#2755,.T.);
#2975=FACE_BOUND('',#2756,.T.);
#2976=FACE_BOUND('',#2757,.T.);
#2977=FACE_BOUND('',#2758,.T.);
#2978=FACE_BOUND('',#2759,.T.);
#2979=FACE_BOUND('',#2760,.T.);
#2980=FACE_BOUND('',#2761,.T.);
#2981=FACE_BOUND('',#2762,.T.);
#2982=FACE_BOUND('',#2763,.T.);
#2983=FACE_BOUND('',#2764,.T.);
#2984=FACE_BOUND('',#2765,.T.);
#2985=FACE_BOUND('',#2766,.T.);
#2986=FACE_BOUND('',#2767,.T.);
#2987=FACE_BOUND('',#2768,.T.);
#2988=FACE_BOUND('',#2769,.T.);
#2989=FACE_BOUND('',#2770,.T.);
#2990=FACE_BOUND('',#2771,.T.);
#2991=FACE_BOUND('',#2772,.T.);
#2992=FACE_BOUND('',#2773,.T.);
#2993=FACE_BOUND('',#2774,.T.);
#2994=FACE_BOUND('',#2775,.T.);
#2995=FACE_BOUND('',#2776,.T.);
#2996=FACE_BOUND('',#2777,.T.);
#2997=FACE_BOUND('',#2778,.T.);
#2998=FACE_BOUND('',#2779,.T.);
#2999=FACE_BOUND('',#2780,.T.);
#3000=FACE_BOUND('',#2781,.T.);
#3001=FACE_BOUND('',#2782,.T.);
#3002=FACE_BOUND('',#2783,.T.);
#3003=FACE_BOUND('',#2784,.T.);
#3004=FACE_BOUND('',#2785,.T.);
#3005=FACE_BOUND('',#2786,.T.);
#3006=FACE_BOUND('',#2787,.T.);
#3007=FACE_BOUND('',#2788,.T.);
#3008=FACE_BOUND('',#2789,.T.);
#3009=FACE_BOUND('',#2790,.T.);
#3010=FACE_BOUND('',#2791,.T.);
#3011=FACE_BOUND('',#2792,.T.);
#3012=FACE_BOUND('',#2793,.T.);
#3013=FACE_BOUND('',#2794,.T.);
#3014=FACE_BOUND('',#2795,.T.);
#3015=FACE_BOUND('',#2796,.T.);
#3016=FACE_BOUND('',#2797,.T.);
#3017=FACE_BOUND('',#2798,.T.);
#3018=FACE_BOUND('',#2799,.T.);
#3019=FACE_BOUND('',#2800,.T.);
#3020=FACE_BOUND('',#2801,.T.);
#3021=FACE_BOUND('',#2802,.T.);
#3022=FACE_BOUND('',#2803,.T.);
#3023=FACE_BOUND('',#2804,.T.);
#3024=FACE_BOUND('',#2805,.T.);
#3025=FACE_BOUND('',#2806,.T.);
#3026=FACE_BOUND('',#2807,.T.);
#3027=FACE_BOUND('',#2808,.T.);
#3028=FACE_BOUND('',#2809,.T.);
#3029=FACE_BOUND('',#2810,.T.);
#3030=FACE_BOUND('',#2811,.T.);
#3031=FACE_BOUND('',#2812,.T.);
#3032=FACE_BOUND('',#2813,.T.);
#3033=FACE_BOUND('',#2814,.T.);
#3034=FACE_BOUND('',#2815,.T.);
#3035=FACE_BOUND('',#2816,.T.);
#3036=FACE_BOUND('',#2817,.T.);
#3037=FACE_BOUND('',#2818,.T.);
#3038=FACE_BOUND('',#2819,.T.);
#3039=FACE_BOUND('',#2820,.T.);
#3040=FACE_BOUND('',#2821,.T.);
#3041=FACE_BOUND('',#2822,.T.);
#3042=FACE_BOUND('',#2823,.T.);
#3043=FACE_BOUND('',#2824,.T.);
#3044=FACE_BOUND('',#2825,.T.);
#3045=FACE_BOUND('',#2826,.T.);
#3046=FACE_BOUND('',#2827,.T.);
#3047=FACE_BOUND('',#2828,.T.);
#3048=FACE_BOUND('',#2829,.T.);
#3049=FACE_BOUND('',#2830,.T.);
#3050=PLANE('',#3316);
#3051=PLANE('',#3325);
#3052=PLANE('',#3327);
#3053=PLANE('',#3329);
#3054=PLANE('',#3398);
#3055=PLANE('',#3403);
#3056=PLANE('',#3404);
#3057=PLANE('',#3405);
#3058=PLANE('',#3408);
#3059=PLANE('',#3413);
#3060=PLANE('',#3416);
#3061=PLANE('',#3419);
#3062=PLANE('',#3424);
#3063=PLANE('',#3427);
#3064=PLANE('',#3430);
#3065=PLANE('',#3435);
#3066=PLANE('',#3438);
#3067=PLANE('',#3441);
#3068=PLANE('',#3446);
#3069=PLANE('',#3449);
#3070=PLANE('',#3452);
#3071=PLANE('',#3457);
#3072=PLANE('',#3460);
#3073=PLANE('',#3463);
#3074=PLANE('',#3468);
#3075=PLANE('',#3471);
#3076=PLANE('',#3474);
#3077=PLANE('',#3479);
#3078=PLANE('',#3482);
#3079=PLANE('',#3485);
#3080=PLANE('',#3490);
#3081=PLANE('',#3493);
#3082=PLANE('',#3496);
#3083=PLANE('',#3501);
#3084=PLANE('',#3504);
#3085=PLANE('',#3507);
#3086=PLANE('',#3512);
#3087=PLANE('',#3515);
#3088=PLANE('',#3518);
#3089=PLANE('',#3523);
#3090=PLANE('',#3526);
#3091=PLANE('',#3529);
#3092=PLANE('',#3534);
#3093=PLANE('',#3537);
#3094=PLANE('',#3540);
#3095=PLANE('',#3545);
#3096=PLANE('',#3548);
#3097=PLANE('',#3551);
#3098=PLANE('',#3556);
#3099=PLANE('',#3559);
#3100=PLANE('',#3562);
#3101=PLANE('',#3567);
#3102=PLANE('',#3570);
#3103=PLANE('',#3573);
#3104=PLANE('',#3578);
#3105=PLANE('',#3581);
#3106=PLANE('',#3584);
#3107=PLANE('',#3587);
#3108=PLANE('',#3588);
#3109=PLANE('',#3589);
#3110=PLANE('',#3590);
#3111=PLANE('',#3591);
#3112=PLANE('',#3592);
#3113=PLANE('',#3593);
#3114=PLANE('',#3594);
#3115=PLANE('',#3595);
#3116=PLANE('',#3596);
#3117=PLANE('',#3597);
#3118=PLANE('',#3598);
#3119=PLANE('',#3599);
#3120=PLANE('',#3600);
#3121=PLANE('',#3601);
#3122=PLANE('',#3602);
#3123=PLANE('',#3603);
#3124=PLANE('',#3608);
#3125=PLANE('',#3609);
#3126=PLANE('',#3610);
#3127=PLANE('',#3611);
#3128=PLANE('',#3612);
#3129=PLANE('',#3613);
#3130=PLANE('',#3614);
#3131=PLANE('',#3615);
#3132=PLANE('',#3616);
#3133=PLANE('',#3617);
#3134=PLANE('',#3618);
#3135=PLANE('',#3619);
#3136=PLANE('',#3620);
#3137=PLANE('',#3621);
#3138=PLANE('',#3622);
#3139=PLANE('',#3623);
#3140=ADVANCED_FACE('',(#2831,#2832,#2833,#2834,#2835,#2836,#2837,#2838,
#2839,#2840),#3050,.T.);
#3141=ADVANCED_FACE('',(#2841),#3051,.F.);
#3142=ADVANCED_FACE('',(#2842),#3052,.T.);
#3143=ADVANCED_FACE('',(#2843,#2844,#2845,#2846,#2847,#2848,#2849,#2850,
#2851,#2852,#2853,#2854,#2855,#2856,#2857,#2858,#2859,#2860,#2861,#2862),
#3053,.F.);
#3144=ADVANCED_FACE('',(#2863,#2864,#2865,#2866,#2867,#2868,#2869),#3054,
 .T.);
#3145=ADVANCED_FACE('',(#2870),#3055,.T.);
#3146=ADVANCED_FACE('',(#2871),#3056,.F.);
#3147=ADVANCED_FACE('',(#2872),#3057,.F.);
#3148=ADVANCED_FACE('',(#2873,#2874),#12,.F.);
#3149=ADVANCED_FACE('',(#2875,#2876),#13,.F.);
#3150=ADVANCED_FACE('',(#2877),#3058,.T.);
#3151=ADVANCED_FACE('',(#2878,#2879),#14,.F.);
#3152=ADVANCED_FACE('',(#2880,#2881),#15,.F.);
#3153=ADVANCED_FACE('',(#2882),#16,.F.);
#3154=ADVANCED_FACE('',(#2883),#3059,.F.);
#3155=ADVANCED_FACE('',(#2884),#17,.F.);
#3156=ADVANCED_FACE('',(#2885),#3060,.F.);
#3157=ADVANCED_FACE('',(#2886),#18,.F.);
#3158=ADVANCED_FACE('',(#2887),#3061,.T.);
#3159=ADVANCED_FACE('',(#2888),#19,.F.);
#3160=ADVANCED_FACE('',(#2889),#20,.F.);
#3161=ADVANCED_FACE('',(#2890),#3062,.F.);
#3162=ADVANCED_FACE('',(#2891),#21,.F.);
#3163=ADVANCED_FACE('',(#2892),#3063,.F.);
#3164=ADVANCED_FACE('',(#2893),#22,.F.);
#3165=ADVANCED_FACE('',(#2894),#3064,.T.);
#3166=ADVANCED_FACE('',(#2895),#23,.F.);
#3167=ADVANCED_FACE('',(#2896),#24,.F.);
#3168=ADVANCED_FACE('',(#2897),#3065,.F.);
#3169=ADVANCED_FACE('',(#2898),#25,.F.);
#3170=ADVANCED_FACE('',(#2899),#3066,.F.);
#3171=ADVANCED_FACE('',(#2900),#26,.F.);
#3172=ADVANCED_FACE('',(#2901),#3067,.T.);
#3173=ADVANCED_FACE('',(#2902),#27,.F.);
#3174=ADVANCED_FACE('',(#2903),#28,.F.);
#3175=ADVANCED_FACE('',(#2904),#3068,.F.);
#3176=ADVANCED_FACE('',(#2905),#29,.F.);
#3177=ADVANCED_FACE('',(#2906),#3069,.F.);
#3178=ADVANCED_FACE('',(#2907),#30,.F.);
#3179=ADVANCED_FACE('',(#2908),#3070,.T.);
#3180=ADVANCED_FACE('',(#2909),#31,.F.);
#3181=ADVANCED_FACE('',(#2910),#32,.F.);
#3182=ADVANCED_FACE('',(#2911),#3071,.F.);
#3183=ADVANCED_FACE('',(#2912),#33,.F.);
#3184=ADVANCED_FACE('',(#2913),#3072,.F.);
#3185=ADVANCED_FACE('',(#2914),#34,.F.);
#3186=ADVANCED_FACE('',(#2915),#3073,.T.);
#3187=ADVANCED_FACE('',(#2916),#35,.F.);
#3188=ADVANCED_FACE('',(#2917),#36,.F.);
#3189=ADVANCED_FACE('',(#2918),#3074,.F.);
#3190=ADVANCED_FACE('',(#2919),#37,.F.);
#3191=ADVANCED_FACE('',(#2920),#3075,.F.);
#3192=ADVANCED_FACE('',(#2921),#38,.F.);
#3193=ADVANCED_FACE('',(#2922),#3076,.T.);
#3194=ADVANCED_FACE('',(#2923),#39,.F.);
#3195=ADVANCED_FACE('',(#2924),#40,.F.);
#3196=ADVANCED_FACE('',(#2925),#3077,.F.);
#3197=ADVANCED_FACE('',(#2926),#41,.F.);
#3198=ADVANCED_FACE('',(#2927),#3078,.F.);
#3199=ADVANCED_FACE('',(#2928),#42,.F.);
#3200=ADVANCED_FACE('',(#2929),#3079,.T.);
#3201=ADVANCED_FACE('',(#2930),#43,.F.);
#3202=ADVANCED_FACE('',(#2931),#44,.F.);
#3203=ADVANCED_FACE('',(#2932),#3080,.F.);
#3204=ADVANCED_FACE('',(#2933),#45,.F.);
#3205=ADVANCED_FACE('',(#2934),#3081,.F.);
#3206=ADVANCED_FACE('',(#2935),#46,.F.);
#3207=ADVANCED_FACE('',(#2936),#3082,.T.);
#3208=ADVANCED_FACE('',(#2937),#47,.F.);
#3209=ADVANCED_FACE('',(#2938),#48,.F.);
#3210=ADVANCED_FACE('',(#2939),#3083,.F.);
#3211=ADVANCED_FACE('',(#2940),#49,.F.);
#3212=ADVANCED_FACE('',(#2941),#3084,.F.);
#3213=ADVANCED_FACE('',(#2942),#50,.F.);
#3214=ADVANCED_FACE('',(#2943),#3085,.T.);
#3215=ADVANCED_FACE('',(#2944),#51,.F.);
#3216=ADVANCED_FACE('',(#2945),#52,.F.);
#3217=ADVANCED_FACE('',(#2946),#3086,.F.);
#3218=ADVANCED_FACE('',(#2947),#53,.F.);
#3219=ADVANCED_FACE('',(#2948),#3087,.F.);
#3220=ADVANCED_FACE('',(#2949),#54,.F.);
#3221=ADVANCED_FACE('',(#2950),#3088,.T.);
#3222=ADVANCED_FACE('',(#2951),#55,.F.);
#3223=ADVANCED_FACE('',(#2952),#56,.F.);
#3224=ADVANCED_FACE('',(#2953),#3089,.F.);
#3225=ADVANCED_FACE('',(#2954),#57,.F.);
#3226=ADVANCED_FACE('',(#2955),#3090,.F.);
#3227=ADVANCED_FACE('',(#2956),#58,.F.);
#3228=ADVANCED_FACE('',(#2957),#3091,.T.);
#3229=ADVANCED_FACE('',(#2958),#59,.F.);
#3230=ADVANCED_FACE('',(#2959),#60,.F.);
#3231=ADVANCED_FACE('',(#2960),#3092,.F.);
#3232=ADVANCED_FACE('',(#2961),#61,.F.);
#3233=ADVANCED_FACE('',(#2962),#3093,.F.);
#3234=ADVANCED_FACE('',(#2963),#62,.F.);
#3235=ADVANCED_FACE('',(#2964),#3094,.T.);
#3236=ADVANCED_FACE('',(#2965),#63,.F.);
#3237=ADVANCED_FACE('',(#2966),#64,.F.);
#3238=ADVANCED_FACE('',(#2967),#3095,.F.);
#3239=ADVANCED_FACE('',(#2968),#65,.F.);
#3240=ADVANCED_FACE('',(#2969),#3096,.F.);
#3241=ADVANCED_FACE('',(#2970),#66,.F.);
#3242=ADVANCED_FACE('',(#2971),#3097,.T.);
#3243=ADVANCED_FACE('',(#2972),#67,.F.);
#3244=ADVANCED_FACE('',(#2973),#68,.F.);
#3245=ADVANCED_FACE('',(#2974),#3098,.F.);
#3246=ADVANCED_FACE('',(#2975),#69,.F.);
#3247=ADVANCED_FACE('',(#2976),#3099,.F.);
#3248=ADVANCED_FACE('',(#2977),#70,.F.);
#3249=ADVANCED_FACE('',(#2978),#3100,.T.);
#3250=ADVANCED_FACE('',(#2979),#71,.F.);
#3251=ADVANCED_FACE('',(#2980),#72,.F.);
#3252=ADVANCED_FACE('',(#2981),#3101,.F.);
#3253=ADVANCED_FACE('',(#2982),#73,.F.);
#3254=ADVANCED_FACE('',(#2983),#3102,.F.);
#3255=ADVANCED_FACE('',(#2984),#74,.F.);
#3256=ADVANCED_FACE('',(#2985),#3103,.T.);
#3257=ADVANCED_FACE('',(#2986),#75,.F.);
#3258=ADVANCED_FACE('',(#2987),#76,.F.);
#3259=ADVANCED_FACE('',(#2988),#3104,.F.);
#3260=ADVANCED_FACE('',(#2989),#77,.F.);
#3261=ADVANCED_FACE('',(#2990),#3105,.F.);
#3262=ADVANCED_FACE('',(#2991),#78,.F.);
#3263=ADVANCED_FACE('',(#2992),#3106,.T.);
#3264=ADVANCED_FACE('',(#2993),#79,.F.);
#3265=ADVANCED_FACE('',(#2994),#3107,.T.);
#3266=ADVANCED_FACE('',(#2995),#3108,.T.);
#3267=ADVANCED_FACE('',(#2996),#3109,.T.);
#3268=ADVANCED_FACE('',(#2997),#3110,.T.);
#3269=ADVANCED_FACE('',(#2998),#3111,.T.);
#3270=ADVANCED_FACE('',(#2999),#3112,.T.);
#3271=ADVANCED_FACE('',(#3000),#3113,.T.);
#3272=ADVANCED_FACE('',(#3001),#3114,.T.);
#3273=ADVANCED_FACE('',(#3002),#3115,.T.);
#3274=ADVANCED_FACE('',(#3003),#3116,.T.);
#3275=ADVANCED_FACE('',(#3004),#3117,.T.);
#3276=ADVANCED_FACE('',(#3005),#3118,.T.);
#3277=ADVANCED_FACE('',(#3006),#3119,.T.);
#3278=ADVANCED_FACE('',(#3007),#3120,.T.);
#3279=ADVANCED_FACE('',(#3008),#3121,.T.);
#3280=ADVANCED_FACE('',(#3009),#3122,.T.);
#3281=ADVANCED_FACE('',(#3010,#3011,#3012,#3013,#3014,#3015,#3016,#3017,
#3018,#3019,#3020,#3021,#3022,#3023,#3024,#3025,#3026),#3123,.T.);
#3282=ADVANCED_FACE('',(#3027),#80,.T.);
#3283=ADVANCED_FACE('',(#3028),#81,.T.);
#3284=ADVANCED_FACE('',(#3029,#3030),#82,.F.);
#3285=ADVANCED_FACE('',(#3031,#3032),#83,.F.);
#3286=ADVANCED_FACE('',(#3033),#3124,.T.);
#3287=ADVANCED_FACE('',(#3034),#3125,.T.);
#3288=ADVANCED_FACE('',(#3035),#3126,.F.);
#3289=ADVANCED_FACE('',(#3036),#3127,.F.);
#3290=ADVANCED_FACE('',(#3037),#3128,.T.);
#3291=ADVANCED_FACE('',(#3038),#3129,.T.);
#3292=ADVANCED_FACE('',(#3039),#3130,.F.);
#3293=ADVANCED_FACE('',(#3040),#3131,.F.);
#3294=ADVANCED_FACE('',(#3041),#3132,.T.);
#3295=ADVANCED_FACE('',(#3042),#3133,.T.);
#3296=ADVANCED_FACE('',(#3043),#3134,.F.);
#3297=ADVANCED_FACE('',(#3044),#3135,.F.);
#3298=ADVANCED_FACE('',(#3045),#3136,.T.);
#3299=ADVANCED_FACE('',(#3046),#3137,.F.);
#3300=ADVANCED_FACE('',(#3047),#3138,.F.);
#3301=ADVANCED_FACE('',(#3048),#3139,.F.);
#3302=ADVANCED_FACE('',(#3049),#84,.T.);
#3303=CLOSED_SHELL('',(#3140,#3141,#3142,#3143,#3144,#3145,#3146,#3147,
#3148,#3149,#3150,#3151,#3152,#3153,#3154,#3155,#3156,#3157,#3158,#3159,
#3160,#3161,#3162,#3163,#3164,#3165,#3166,#3167,#3168,#3169,#3170,#3171,
#3172,#3173,#3174,#3175,#3176,#3177,#3178,#3179,#3180,#3181,#3182,#3183,
#3184,#3185,#3186,#3187,#3188,#3189,#3190,#3191,#3192,#3193,#3194,#3195,
#3196,#3197,#3198,#3199,#3200,#3201,#3202,#3203,#3204,#3205,#3206,#3207,
#3208,#3209,#3210,#3211,#3212,#3213,#3214,#3215,#3216,#3217,#3218,#3219,
#3220,#3221,#3222,#3223,#3224,#3225,#3226,#3227,#3228,#3229,#3230,#3231,
#3232,#3233,#3234,#3235,#3236,#3237,#3238,#3239,#3240,#3241,#3242,#3243,
#3244,#3245,#3246,#3247,#3248,#3249,#3250,#3251,#3252,#3253,#3254,#3255,
#3256,#3257,#3258,#3259,#3260,#3261,#3262,#3263,#3264,#3265,#3266,#3267,
#3268,#3269,#3270,#3271,#3272,#3273,#3274,#3275,#3276,#3277,#3278,#3279,
#3280,#3281,#3282,#3283,#3284,#3285,#3286,#3287,#3288,#3289,#3290,#3291,
#3292,#3293,#3294,#3295,#3296,#3297,#3298,#3299,#3300,#3301,#3302));
#3304=STYLED_ITEM('',(#3305),#3312);
#3305=PRESENTATION_STYLE_ASSIGNMENT((#3306));
#3306=SURFACE_STYLE_USAGE(.BOTH.,#3307);
#3307=SURFACE_SIDE_STYLE('',(#3308));
#3308=SURFACE_STYLE_FILL_AREA(#3309);
#3309=FILL_AREA_STYLE('',(#3310));
#3310=FILL_AREA_STYLE_COLOUR('',#3311);
#3311=COLOUR_RGB('',0.615686274509804,0.811764705882353,0.929411764705882);
#3312=MANIFOLD_SOLID_BREP('Part 1',#3303);
#3313=SHAPE_DEFINITION_REPRESENTATION(#5529,#3314);
#3314=SHAPE_REPRESENTATION('Part 1',(#3315),#5524);
#3315=AXIS2_PLACEMENT_3D('',#4570,#3625,#3626);
#3316=AXIS2_PLACEMENT_3D('',#4571,#3627,#3628);
#3317=AXIS2_PLACEMENT_3D('',#4572,#3629,#3630);
#3318=AXIS2_PLACEMENT_3D('',#4574,#3631,#3632);
#3319=AXIS2_PLACEMENT_3D('',#4576,#3633,#3634);
#3320=AXIS2_PLACEMENT_3D('',#4578,#3635,#3636);
#3321=AXIS2_PLACEMENT_3D('',#4588,#3641,#3642);
#3322=AXIS2_PLACEMENT_3D('',#4590,#3643,#3644);
#3323=AXIS2_PLACEMENT_3D('',#4615,#3656,#3657);
#3324=AXIS2_PLACEMENT_3D('',#4619,#3659,#3660);
#3325=AXIS2_PLACEMENT_3D('',#4620,#3661,#3662);
#3326=AXIS2_PLACEMENT_3D('',#4621,#3663,#3664);
#3327=AXIS2_PLACEMENT_3D('',#4632,#3670,#3671);
#3328=AXIS2_PLACEMENT_3D('',#4633,#3672,#3673);
#3329=AXIS2_PLACEMENT_3D('',#4644,#3679,#3680);
#3330=AXIS2_PLACEMENT_3D('',#4653,#3685,#3686);
#3331=AXIS2_PLACEMENT_3D('',#4658,#3688,#3689);
#3332=AXIS2_PLACEMENT_3D('',#4662,#3691,#3692);
#3333=AXIS2_PLACEMENT_3D('',#4666,#3694,#3695);
#3334=AXIS2_PLACEMENT_3D('',#4669,#3697,#3698);
#3335=AXIS2_PLACEMENT_3D('',#4674,#3700,#3701);
#3336=AXIS2_PLACEMENT_3D('',#4678,#3703,#3704);
#3337=AXIS2_PLACEMENT_3D('',#4682,#3706,#3707);
#3338=AXIS2_PLACEMENT_3D('',#4685,#3709,#3710);
#3339=AXIS2_PLACEMENT_3D('',#4690,#3712,#3713);
#3340=AXIS2_PLACEMENT_3D('',#4694,#3715,#3716);
#3341=AXIS2_PLACEMENT_3D('',#4698,#3718,#3719);
#3342=AXIS2_PLACEMENT_3D('',#4701,#3721,#3722);
#3343=AXIS2_PLACEMENT_3D('',#4706,#3724,#3725);
#3344=AXIS2_PLACEMENT_3D('',#4710,#3727,#3728);
#3345=AXIS2_PLACEMENT_3D('',#4714,#3730,#3731);
#3346=AXIS2_PLACEMENT_3D('',#4717,#3733,#3734);
#3347=AXIS2_PLACEMENT_3D('',#4722,#3736,#3737);
#3348=AXIS2_PLACEMENT_3D('',#4726,#3739,#3740);
#3349=AXIS2_PLACEMENT_3D('',#4730,#3742,#3743);
#3350=AXIS2_PLACEMENT_3D('',#4733,#3745,#3746);
#3351=AXIS2_PLACEMENT_3D('',#4738,#3748,#3749);
#3352=AXIS2_PLACEMENT_3D('',#4742,#3751,#3752);
#3353=AXIS2_PLACEMENT_3D('',#4746,#3754,#3755);
#3354=AXIS2_PLACEMENT_3D('',#4749,#3757,#3758);
#3355=AXIS2_PLACEMENT_3D('',#4754,#3760,#3761);
#3356=AXIS2_PLACEMENT_3D('',#4758,#3763,#3764);
#3357=AXIS2_PLACEMENT_3D('',#4762,#3766,#3767);
#3358=AXIS2_PLACEMENT_3D('',#4765,#3769,#3770);
#3359=AXIS2_PLACEMENT_3D('',#4770,#3772,#3773);
#3360=AXIS2_PLACEMENT_3D('',#4774,#3775,#3776);
#3361=AXIS2_PLACEMENT_3D('',#4778,#3778,#3779);
#3362=AXIS2_PLACEMENT_3D('',#4781,#3781,#3782);
#3363=AXIS2_PLACEMENT_3D('',#4786,#3784,#3785);
#3364=AXIS2_PLACEMENT_3D('',#4790,#3787,#3788);
#3365=AXIS2_PLACEMENT_3D('',#4794,#3790,#3791);
#3366=AXIS2_PLACEMENT_3D('',#4797,#3793,#3794);
#3367=AXIS2_PLACEMENT_3D('',#4802,#3796,#3797);
#3368=AXIS2_PLACEMENT_3D('',#4806,#3799,#3800);
#3369=AXIS2_PLACEMENT_3D('',#4810,#3802,#3803);
#3370=AXIS2_PLACEMENT_3D('',#4813,#3805,#3806);
#3371=AXIS2_PLACEMENT_3D('',#4818,#3808,#3809);
#3372=AXIS2_PLACEMENT_3D('',#4822,#3811,#3812);
#3373=AXIS2_PLACEMENT_3D('',#4826,#3814,#3815);
#3374=AXIS2_PLACEMENT_3D('',#4829,#3817,#3818);
#3375=AXIS2_PLACEMENT_3D('',#4834,#3820,#3821);
#3376=AXIS2_PLACEMENT_3D('',#4838,#3823,#3824);
#3377=AXIS2_PLACEMENT_3D('',#4842,#3826,#3827);
#3378=AXIS2_PLACEMENT_3D('',#4845,#3829,#3830);
#3379=AXIS2_PLACEMENT_3D('',#4850,#3832,#3833);
#3380=AXIS2_PLACEMENT_3D('',#4854,#3835,#3836);
#3381=AXIS2_PLACEMENT_3D('',#4858,#3838,#3839);
#3382=AXIS2_PLACEMENT_3D('',#4861,#3841,#3842);
#3383=AXIS2_PLACEMENT_3D('',#4866,#3844,#3845);
#3384=AXIS2_PLACEMENT_3D('',#4870,#3847,#3848);
#3385=AXIS2_PLACEMENT_3D('',#4874,#3850,#3851);
#3386=AXIS2_PLACEMENT_3D('',#4877,#3853,#3854);
#3387=AXIS2_PLACEMENT_3D('',#4882,#3856,#3857);
#3388=AXIS2_PLACEMENT_3D('',#4886,#3859,#3860);
#3389=AXIS2_PLACEMENT_3D('',#4890,#3862,#3863);
#3390=AXIS2_PLACEMENT_3D('',#4893,#3865,#3866);
#3391=AXIS2_PLACEMENT_3D('',#4898,#3868,#3869);
#3392=AXIS2_PLACEMENT_3D('',#4902,#3871,#3872);
#3393=AXIS2_PLACEMENT_3D('',#4906,#3874,#3875);
#3394=AXIS2_PLACEMENT_3D('',#4909,#3877,#3878);
#3395=AXIS2_PLACEMENT_3D('',#4911,#3879,#3880);
#3396=AXIS2_PLACEMENT_3D('',#4914,#3882,#3883);
#3397=AXIS2_PLACEMENT_3D('',#4918,#3885,#3886);
#3398=AXIS2_PLACEMENT_3D('',#4919,#3887,#3888);
#3399=AXIS2_PLACEMENT_3D('',#4920,#3889,#3890);
#3400=AXIS2_PLACEMENT_3D('',#4922,#3891,#3892);
#3401=AXIS2_PLACEMENT_3D('',#4932,#3897,#3898);
#3402=AXIS2_PLACEMENT_3D('',#4934,#3899,#3900);
#3403=AXIS2_PLACEMENT_3D('',#4952,#3909,#3910);
#3404=AXIS2_PLACEMENT_3D('',#4955,#3913,#3914);
#3405=AXIS2_PLACEMENT_3D('',#4957,#3916,#3917);
#3406=AXIS2_PLACEMENT_3D('',#4959,#3919,#3920);
#3407=AXIS2_PLACEMENT_3D('',#4960,#3921,#3922);
#3408=AXIS2_PLACEMENT_3D('',#4961,#3923,#3924);
#3409=AXIS2_PLACEMENT_3D('',#4962,#3925,#3926);
#3410=AXIS2_PLACEMENT_3D('',#4963,#3927,#3928);
#3411=AXIS2_PLACEMENT_3D('',#4964,#3929,#3930);
#3412=AXIS2_PLACEMENT_3D('',#4967,#3932,#3933);
#3413=AXIS2_PLACEMENT_3D('',#4970,#3935,#3936);
#3414=AXIS2_PLACEMENT_3D('',#4974,#3939,#3940);
#3415=AXIS2_PLACEMENT_3D('',#4977,#3942,#3943);
#3416=AXIS2_PLACEMENT_3D('',#4978,#3944,#3945);
#3417=AXIS2_PLACEMENT_3D('',#4982,#3948,#3949);
#3418=AXIS2_PLACEMENT_3D('',#4985,#3951,#3952);
#3419=AXIS2_PLACEMENT_3D('',#4986,#3953,#3954);
#3420=AXIS2_PLACEMENT_3D('',#4990,#3957,#3958);
#3421=AXIS2_PLACEMENT_3D('',#4993,#3960,#3961);
#3422=AXIS2_PLACEMENT_3D('',#4994,#3962,#3963);
#3423=AXIS2_PLACEMENT_3D('',#4997,#3965,#3966);
#3424=AXIS2_PLACEMENT_3D('',#5000,#3968,#3969);
#3425=AXIS2_PLACEMENT_3D('',#5004,#3972,#3973);
#3426=AXIS2_PLACEMENT_3D('',#5007,#3975,#3976);
#3427=AXIS2_PLACEMENT_3D('',#5008,#3977,#3978);
#3428=AXIS2_PLACEMENT_3D('',#5012,#3981,#3982);
#3429=AXIS2_PLACEMENT_3D('',#5015,#3984,#3985);
#3430=AXIS2_PLACEMENT_3D('',#5016,#3986,#3987);
#3431=AXIS2_PLACEMENT_3D('',#5020,#3990,#3991);
#3432=AXIS2_PLACEMENT_3D('',#5023,#3993,#3994);
#3433=AXIS2_PLACEMENT_3D('',#5024,#3995,#3996);
#3434=AXIS2_PLACEMENT_3D('',#5027,#3998,#3999);
#3435=AXIS2_PLACEMENT_3D('',#5030,#4001,#4002);
#3436=AXIS2_PLACEMENT_3D('',#5034,#4005,#4006);
#3437=AXIS2_PLACEMENT_3D('',#5037,#4008,#4009);
#3438=AXIS2_PLACEMENT_3D('',#5038,#4010,#4011);
#3439=AXIS2_PLACEMENT_3D('',#5042,#4014,#4015);
#3440=AXIS2_PLACEMENT_3D('',#5045,#4017,#4018);
#3441=AXIS2_PLACEMENT_3D('',#5046,#4019,#4020);
#3442=AXIS2_PLACEMENT_3D('',#5050,#4023,#4024);
#3443=AXIS2_PLACEMENT_3D('',#5053,#4026,#4027);
#3444=AXIS2_PLACEMENT_3D('',#5054,#4028,#4029);
#3445=AXIS2_PLACEMENT_3D('',#5057,#4031,#4032);
#3446=AXIS2_PLACEMENT_3D('',#5060,#4034,#4035);
#3447=AXIS2_PLACEMENT_3D('',#5064,#4038,#4039);
#3448=AXIS2_PLACEMENT_3D('',#5067,#4041,#4042);
#3449=AXIS2_PLACEMENT_3D('',#5068,#4043,#4044);
#3450=AXIS2_PLACEMENT_3D('',#5072,#4047,#4048);
#3451=AXIS2_PLACEMENT_3D('',#5075,#4050,#4051);
#3452=AXIS2_PLACEMENT_3D('',#5076,#4052,#4053);
#3453=AXIS2_PLACEMENT_3D('',#5080,#4056,#4057);
#3454=AXIS2_PLACEMENT_3D('',#5083,#4059,#4060);
#3455=AXIS2_PLACEMENT_3D('',#5084,#4061,#4062);
#3456=AXIS2_PLACEMENT_3D('',#5087,#4064,#4065);
#3457=AXIS2_PLACEMENT_3D('',#5090,#4067,#4068);
#3458=AXIS2_PLACEMENT_3D('',#5094,#4071,#4072);
#3459=AXIS2_PLACEMENT_3D('',#5097,#4074,#4075);
#3460=AXIS2_PLACEMENT_3D('',#5098,#4076,#4077);
#3461=AXIS2_PLACEMENT_3D('',#5102,#4080,#4081);
#3462=AXIS2_PLACEMENT_3D('',#5105,#4083,#4084);
#3463=AXIS2_PLACEMENT_3D('',#5106,#4085,#4086);
#3464=AXIS2_PLACEMENT_3D('',#5110,#4089,#4090);
#3465=AXIS2_PLACEMENT_3D('',#5113,#4092,#4093);
#3466=AXIS2_PLACEMENT_3D('',#5114,#4094,#4095);
#3467=AXIS2_PLACEMENT_3D('',#5117,#4097,#4098);
#3468=AXIS2_PLACEMENT_3D('',#5120,#4100,#4101);
#3469=AXIS2_PLACEMENT_3D('',#5124,#4104,#4105);
#3470=AXIS2_PLACEMENT_3D('',#5127,#4107,#4108);
#3471=AXIS2_PLACEMENT_3D('',#5128,#4109,#4110);
#3472=AXIS2_PLACEMENT_3D('',#5132,#4113,#4114);
#3473=AXIS2_PLACEMENT_3D('',#5135,#4116,#4117);
#3474=AXIS2_PLACEMENT_3D('',#5136,#4118,#4119);
#3475=AXIS2_PLACEMENT_3D('',#5140,#4122,#4123);
#3476=AXIS2_PLACEMENT_3D('',#5143,#4125,#4126);
#3477=AXIS2_PLACEMENT_3D('',#5144,#4127,#4128);
#3478=AXIS2_PLACEMENT_3D('',#5147,#4130,#4131);
#3479=AXIS2_PLACEMENT_3D('',#5150,#4133,#4134);
#3480=AXIS2_PLACEMENT_3D('',#5154,#4137,#4138);
#3481=AXIS2_PLACEMENT_3D('',#5157,#4140,#4141);
#3482=AXIS2_PLACEMENT_3D('',#5158,#4142,#4143);
#3483=AXIS2_PLACEMENT_3D('',#5162,#4146,#4147);
#3484=AXIS2_PLACEMENT_3D('',#5165,#4149,#4150);
#3485=AXIS2_PLACEMENT_3D('',#5166,#4151,#4152);
#3486=AXIS2_PLACEMENT_3D('',#5170,#4155,#4156);
#3487=AXIS2_PLACEMENT_3D('',#5173,#4158,#4159);
#3488=AXIS2_PLACEMENT_3D('',#5174,#4160,#4161);
#3489=AXIS2_PLACEMENT_3D('',#5177,#4163,#4164);
#3490=AXIS2_PLACEMENT_3D('',#5180,#4166,#4167);
#3491=AXIS2_PLACEMENT_3D('',#5184,#4170,#4171);
#3492=AXIS2_PLACEMENT_3D('',#5187,#4173,#4174);
#3493=AXIS2_PLACEMENT_3D('',#5188,#4175,#4176);
#3494=AXIS2_PLACEMENT_3D('',#5192,#4179,#4180);
#3495=AXIS2_PLACEMENT_3D('',#5195,#4182,#4183);
#3496=AXIS2_PLACEMENT_3D('',#5196,#4184,#4185);
#3497=AXIS2_PLACEMENT_3D('',#5200,#4188,#4189);
#3498=AXIS2_PLACEMENT_3D('',#5203,#4191,#4192);
#3499=AXIS2_PLACEMENT_3D('',#5204,#4193,#4194);
#3500=AXIS2_PLACEMENT_3D('',#5207,#4196,#4197);
#3501=AXIS2_PLACEMENT_3D('',#5210,#4199,#4200);
#3502=AXIS2_PLACEMENT_3D('',#5214,#4203,#4204);
#3503=AXIS2_PLACEMENT_3D('',#5217,#4206,#4207);
#3504=AXIS2_PLACEMENT_3D('',#5218,#4208,#4209);
#3505=AXIS2_PLACEMENT_3D('',#5222,#4212,#4213);
#3506=AXIS2_PLACEMENT_3D('',#5225,#4215,#4216);
#3507=AXIS2_PLACEMENT_3D('',#5226,#4217,#4218);
#3508=AXIS2_PLACEMENT_3D('',#5230,#4221,#4222);
#3509=AXIS2_PLACEMENT_3D('',#5233,#4224,#4225);
#3510=AXIS2_PLACEMENT_3D('',#5234,#4226,#4227);
#3511=AXIS2_PLACEMENT_3D('',#5237,#4229,#4230);
#3512=AXIS2_PLACEMENT_3D('',#5240,#4232,#4233);
#3513=AXIS2_PLACEMENT_3D('',#5244,#4236,#4237);
#3514=AXIS2_PLACEMENT_3D('',#5247,#4239,#4240);
#3515=AXIS2_PLACEMENT_3D('',#5248,#4241,#4242);
#3516=AXIS2_PLACEMENT_3D('',#5252,#4245,#4246);
#3517=AXIS2_PLACEMENT_3D('',#5255,#4248,#4249);
#3518=AXIS2_PLACEMENT_3D('',#5256,#4250,#4251);
#3519=AXIS2_PLACEMENT_3D('',#5260,#4254,#4255);
#3520=AXIS2_PLACEMENT_3D('',#5263,#4257,#4258);
#3521=AXIS2_PLACEMENT_3D('',#5264,#4259,#4260);
#3522=AXIS2_PLACEMENT_3D('',#5267,#4262,#4263);
#3523=AXIS2_PLACEMENT_3D('',#5270,#4265,#4266);
#3524=AXIS2_PLACEMENT_3D('',#5274,#4269,#4270);
#3525=AXIS2_PLACEMENT_3D('',#5277,#4272,#4273);
#3526=AXIS2_PLACEMENT_3D('',#5278,#4274,#4275);
#3527=AXIS2_PLACEMENT_3D('',#5282,#4278,#4279);
#3528=AXIS2_PLACEMENT_3D('',#5285,#4281,#4282);
#3529=AXIS2_PLACEMENT_3D('',#5286,#4283,#4284);
#3530=AXIS2_PLACEMENT_3D('',#5290,#4287,#4288);
#3531=AXIS2_PLACEMENT_3D('',#5293,#4290,#4291);
#3532=AXIS2_PLACEMENT_3D('',#5294,#4292,#4293);
#3533=AXIS2_PLACEMENT_3D('',#5297,#4295,#4296);
#3534=AXIS2_PLACEMENT_3D('',#5300,#4298,#4299);
#3535=AXIS2_PLACEMENT_3D('',#5304,#4302,#4303);
#3536=AXIS2_PLACEMENT_3D('',#5307,#4305,#4306);
#3537=AXIS2_PLACEMENT_3D('',#5308,#4307,#4308);
#3538=AXIS2_PLACEMENT_3D('',#5312,#4311,#4312);
#3539=AXIS2_PLACEMENT_3D('',#5315,#4314,#4315);
#3540=AXIS2_PLACEMENT_3D('',#5316,#4316,#4317);
#3541=AXIS2_PLACEMENT_3D('',#5320,#4320,#4321);
#3542=AXIS2_PLACEMENT_3D('',#5323,#4323,#4324);
#3543=AXIS2_PLACEMENT_3D('',#5324,#4325,#4326);
#3544=AXIS2_PLACEMENT_3D('',#5327,#4328,#4329);
#3545=AXIS2_PLACEMENT_3D('',#5330,#4331,#4332);
#3546=AXIS2_PLACEMENT_3D('',#5334,#4335,#4336);
#3547=AXIS2_PLACEMENT_3D('',#5337,#4338,#4339);
#3548=AXIS2_PLACEMENT_3D('',#5338,#4340,#4341);
#3549=AXIS2_PLACEMENT_3D('',#5342,#4344,#4345);
#3550=AXIS2_PLACEMENT_3D('',#5345,#4347,#4348);
#3551=AXIS2_PLACEMENT_3D('',#5346,#4349,#4350);
#3552=AXIS2_PLACEMENT_3D('',#5350,#4353,#4354);
#3553=AXIS2_PLACEMENT_3D('',#5353,#4356,#4357);
#3554=AXIS2_PLACEMENT_3D('',#5354,#4358,#4359);
#3555=AXIS2_PLACEMENT_3D('',#5357,#4361,#4362);
#3556=AXIS2_PLACEMENT_3D('',#5360,#4364,#4365);
#3557=AXIS2_PLACEMENT_3D('',#5364,#4368,#4369);
#3558=AXIS2_PLACEMENT_3D('',#5367,#4371,#4372);
#3559=AXIS2_PLACEMENT_3D('',#5368,#4373,#4374);
#3560=AXIS2_PLACEMENT_3D('',#5372,#4377,#4378);
#3561=AXIS2_PLACEMENT_3D('',#5375,#4380,#4381);
#3562=AXIS2_PLACEMENT_3D('',#5376,#4382,#4383);
#3563=AXIS2_PLACEMENT_3D('',#5380,#4386,#4387);
#3564=AXIS2_PLACEMENT_3D('',#5383,#4389,#4390);
#3565=AXIS2_PLACEMENT_3D('',#5384,#4391,#4392);
#3566=AXIS2_PLACEMENT_3D('',#5387,#4394,#4395);
#3567=AXIS2_PLACEMENT_3D('',#5390,#4397,#4398);
#3568=AXIS2_PLACEMENT_3D('',#5394,#4401,#4402);
#3569=AXIS2_PLACEMENT_3D('',#5397,#4404,#4405);
#3570=AXIS2_PLACEMENT_3D('',#5398,#4406,#4407);
#3571=AXIS2_PLACEMENT_3D('',#5402,#4410,#4411);
#3572=AXIS2_PLACEMENT_3D('',#5405,#4413,#4414);
#3573=AXIS2_PLACEMENT_3D('',#5406,#4415,#4416);
#3574=AXIS2_PLACEMENT_3D('',#5410,#4419,#4420);
#3575=AXIS2_PLACEMENT_3D('',#5413,#4422,#4423);
#3576=AXIS2_PLACEMENT_3D('',#5414,#4424,#4425);
#3577=AXIS2_PLACEMENT_3D('',#5417,#4427,#4428);
#3578=AXIS2_PLACEMENT_3D('',#5420,#4430,#4431);
#3579=AXIS2_PLACEMENT_3D('',#5424,#4434,#4435);
#3580=AXIS2_PLACEMENT_3D('',#5427,#4437,#4438);
#3581=AXIS2_PLACEMENT_3D('',#5428,#4439,#4440);
#3582=AXIS2_PLACEMENT_3D('',#5432,#4443,#4444);
#3583=AXIS2_PLACEMENT_3D('',#5435,#4446,#4447);
#3584=AXIS2_PLACEMENT_3D('',#5436,#4448,#4449);
#3585=AXIS2_PLACEMENT_3D('',#5440,#4452,#4453);
#3586=AXIS2_PLACEMENT_3D('',#5443,#4455,#4456);
#3587=AXIS2_PLACEMENT_3D('',#5444,#4457,#4458);
#3588=AXIS2_PLACEMENT_3D('',#5446,#4460,#4461);
#3589=AXIS2_PLACEMENT_3D('',#5448,#4463,#4464);
#3590=AXIS2_PLACEMENT_3D('',#5450,#4466,#4467);
#3591=AXIS2_PLACEMENT_3D('',#5452,#4469,#4470);
#3592=AXIS2_PLACEMENT_3D('',#5454,#4472,#4473);
#3593=AXIS2_PLACEMENT_3D('',#5456,#4475,#4476);
#3594=AXIS2_PLACEMENT_3D('',#5458,#4478,#4479);
#3595=AXIS2_PLACEMENT_3D('',#5460,#4481,#4482);
#3596=AXIS2_PLACEMENT_3D('',#5462,#4484,#4485);
#3597=AXIS2_PLACEMENT_3D('',#5464,#4487,#4488);
#3598=AXIS2_PLACEMENT_3D('',#5466,#4490,#4491);
#3599=AXIS2_PLACEMENT_3D('',#5468,#4493,#4494);
#3600=AXIS2_PLACEMENT_3D('',#5470,#4496,#4497);
#3601=AXIS2_PLACEMENT_3D('',#5472,#4499,#4500);
#3602=AXIS2_PLACEMENT_3D('',#5474,#4502,#4503);
#3603=AXIS2_PLACEMENT_3D('',#5476,#4505,#4506);
#3604=AXIS2_PLACEMENT_3D('',#5485,#4511,#4512);
#3605=AXIS2_PLACEMENT_3D('',#5487,#4514,#4515);
#3606=AXIS2_PLACEMENT_3D('',#5489,#4517,#4518);
#3607=AXIS2_PLACEMENT_3D('',#5490,#4519,#4520);
#3608=AXIS2_PLACEMENT_3D('',#5491,#4521,#4522);
#3609=AXIS2_PLACEMENT_3D('',#5492,#4523,#4524);
#3610=AXIS2_PLACEMENT_3D('',#5495,#4527,#4528);
#3611=AXIS2_PLACEMENT_3D('',#5497,#4530,#4531);
#3612=AXIS2_PLACEMENT_3D('',#5499,#4533,#4534);
#3613=AXIS2_PLACEMENT_3D('',#5500,#4535,#4536);
#3614=AXIS2_PLACEMENT_3D('',#5503,#4539,#4540);
#3615=AXIS2_PLACEMENT_3D('',#5505,#4542,#4543);
#3616=AXIS2_PLACEMENT_3D('',#5507,#4545,#4546);
#3617=AXIS2_PLACEMENT_3D('',#5508,#4547,#4548);
#3618=AXIS2_PLACEMENT_3D('',#5511,#4551,#4552);
#3619=AXIS2_PLACEMENT_3D('',#5513,#4554,#4555);
#3620=AXIS2_PLACEMENT_3D('',#5515,#4557,#4558);
#3621=AXIS2_PLACEMENT_3D('',#5516,#4559,#4560);
#3622=AXIS2_PLACEMENT_3D('',#5518,#4562,#4563);
#3623=AXIS2_PLACEMENT_3D('',#5521,#4566,#4567);
#3624=AXIS2_PLACEMENT_3D('',#5522,#4568,#4569);
#3625=DIRECTION('',(0.,0.,1.));
#3626=DIRECTION('',(1.,0.,0.));
#3627=DIRECTION('',(0.,1.,0.));
#3628=DIRECTION('',(1.,0.,0.));
#3629=DIRECTION('',(0.,1.,0.));
#3630=DIRECTION('',(1.,0.,0.));
#3631=DIRECTION('',(0.,1.,0.));
#3632=DIRECTION('',(1.,0.,0.));
#3633=DIRECTION('',(0.,1.,0.));
#3634=DIRECTION('',(1.,0.,0.));
#3635=DIRECTION('',(0.,1.,0.));
#3636=DIRECTION('',(1.,0.,0.));
#3637=DIRECTION('',(0.,0.,1.));
#3638=DIRECTION('',(1.,0.,0.));
#3639=DIRECTION('',(0.,0.,1.));
#3640=DIRECTION('',(1.,0.,0.));
#3641=DIRECTION('',(0.,1.,0.));
#3642=DIRECTION('',(1.,0.,0.));
#3643=DIRECTION('',(0.,1.,0.));
#3644=DIRECTION('',(1.,0.,0.));
#3645=DIRECTION('',(1.,0.,0.));
#3646=DIRECTION('',(0.,0.,-1.));
#3647=DIRECTION('',(1.,0.,0.));
#3648=DIRECTION('',(0.,0.,-1.));
#3649=DIRECTION('',(0.,0.,1.));
#3650=DIRECTION('',(1.,0.,0.));
#3651=DIRECTION('',(0.,0.,1.));
#3652=DIRECTION('',(1.,0.,0.));
#3653=DIRECTION('',(0.,0.,1.));
#3654=DIRECTION('',(1.,0.,0.));
#3655=DIRECTION('',(0.,0.,1.));
#3656=DIRECTION('',(0.,1.,0.));
#3657=DIRECTION('',(1.,0.,0.));
#3658=DIRECTION('',(1.,0.,0.));
#3659=DIRECTION('',(0.,1.,0.));
#3660=DIRECTION('',(1.,0.,0.));
#3661=DIRECTION('',(1.,0.,0.));
#3662=DIRECTION('',(0.,-1.,0.));
#3663=DIRECTION('',(1.,0.,0.));
#3664=DIRECTION('',(0.,-1.,0.));
#3665=DIRECTION('',(0.,-1.,0.));
#3666=DIRECTION('',(0.,0.,1.));
#3667=DIRECTION('',(0.,-0.866025403784438,-0.5));
#3668=DIRECTION('',(0.,-0.5,0.866025403784439));
#3669=DIRECTION('',(0.,0.866025403784438,0.5));
#3670=DIRECTION('',(1.,0.,0.));
#3671=DIRECTION('',(0.,-1.,0.));
#3672=DIRECTION('',(1.,0.,0.));
#3673=DIRECTION('',(0.,-1.,0.));
#3674=DIRECTION('',(0.,0.866025403784438,0.5));
#3675=DIRECTION('',(0.,-0.5,0.866025403784439));
#3676=DIRECTION('',(0.,-0.866025403784438,-0.5));
#3677=DIRECTION('',(0.,0.,1.));
#3678=DIRECTION('',(0.,-1.,0.));
#3679=DIRECTION('',(0.,1.,0.));
#3680=DIRECTION('',(1.,0.,0.));
#3681=DIRECTION('',(1.,0.,2.86139954800298E-16));
#3682=DIRECTION('',(0.,0.,-1.));
#3683=DIRECTION('',(1.,0.,2.86139954800298E-16));
#3684=DIRECTION('',(1.82123199577617E-16,0.,-1.));
#3685=DIRECTION('',(0.,1.,0.));
#3686=DIRECTION('',(1.,0.,0.));
#3687=DIRECTION('',(0.,0.,1.));
#3688=DIRECTION('',(0.,1.,0.));
#3689=DIRECTION('',(1.,0.,0.));
#3690=DIRECTION('',(1.,0.,0.));
#3691=DIRECTION('',(0.,1.,0.));
#3692=DIRECTION('',(1.,0.,0.));
#3693=DIRECTION('',(0.,0.,1.));
#3694=DIRECTION('',(0.,1.,0.));
#3695=DIRECTION('',(1.,0.,0.));
#3696=DIRECTION('',(1.,0.,0.));
#3697=DIRECTION('',(0.,1.,0.));
#3698=DIRECTION('',(1.,0.,0.));
#3699=DIRECTION('',(0.,0.,1.));
#3700=DIRECTION('',(0.,1.,0.));
#3701=DIRECTION('',(1.,0.,0.));
#3702=DIRECTION('',(1.,0.,0.));
#3703=DIRECTION('',(0.,1.,0.));
#3704=DIRECTION('',(1.,0.,0.));
#3705=DIRECTION('',(0.,0.,1.));
#3706=DIRECTION('',(0.,1.,0.));
#3707=DIRECTION('',(1.,0.,0.));
#3708=DIRECTION('',(1.,0.,0.));
#3709=DIRECTION('',(0.,1.,0.));
#3710=DIRECTION('',(1.,0.,0.));
#3711=DIRECTION('',(0.,0.,1.));
#3712=DIRECTION('',(0.,1.,0.));
#3713=DIRECTION('',(1.,0.,0.));
#3714=DIRECTION('',(1.,0.,0.));
#3715=DIRECTION('',(0.,1.,0.));
#3716=DIRECTION('',(1.,0.,0.));
#3717=DIRECTION('',(0.,0.,1.));
#3718=DIRECTION('',(0.,1.,0.));
#3719=DIRECTION('',(1.,0.,0.));
#3720=DIRECTION('',(1.,0.,0.));
#3721=DIRECTION('',(0.,1.,0.));
#3722=DIRECTION('',(1.,0.,0.));
#3723=DIRECTION('',(0.,0.,1.));
#3724=DIRECTION('',(0.,1.,0.));
#3725=DIRECTION('',(1.,0.,0.));
#3726=DIRECTION('',(1.,0.,0.));
#3727=DIRECTION('',(0.,1.,0.));
#3728=DIRECTION('',(1.,0.,0.));
#3729=DIRECTION('',(0.,0.,1.));
#3730=DIRECTION('',(0.,1.,0.));
#3731=DIRECTION('',(1.,0.,0.));
#3732=DIRECTION('',(1.,0.,0.));
#3733=DIRECTION('',(0.,1.,0.));
#3734=DIRECTION('',(1.,0.,0.));
#3735=DIRECTION('',(0.,0.,1.));
#3736=DIRECTION('',(0.,1.,0.));
#3737=DIRECTION('',(1.,0.,0.));
#3738=DIRECTION('',(1.,0.,0.));
#3739=DIRECTION('',(0.,1.,0.));
#3740=DIRECTION('',(1.,0.,0.));
#3741=DIRECTION('',(0.,0.,1.));
#3742=DIRECTION('',(0.,1.,0.));
#3743=DIRECTION('',(1.,0.,0.));
#3744=DIRECTION('',(1.,0.,0.));
#3745=DIRECTION('',(0.,1.,0.));
#3746=DIRECTION('',(1.,0.,0.));
#3747=DIRECTION('',(0.,0.,1.));
#3748=DIRECTION('',(0.,1.,0.));
#3749=DIRECTION('',(1.,0.,0.));
#3750=DIRECTION('',(1.,0.,0.));
#3751=DIRECTION('',(0.,1.,0.));
#3752=DIRECTION('',(1.,0.,0.));
#3753=DIRECTION('',(0.,0.,1.));
#3754=DIRECTION('',(0.,1.,0.));
#3755=DIRECTION('',(1.,0.,0.));
#3756=DIRECTION('',(1.,0.,0.));
#3757=DIRECTION('',(0.,1.,0.));
#3758=DIRECTION('',(1.,0.,0.));
#3759=DIRECTION('',(0.,0.,1.));
#3760=DIRECTION('',(0.,1.,0.));
#3761=DIRECTION('',(1.,0.,0.));
#3762=DIRECTION('',(1.,0.,0.));
#3763=DIRECTION('',(0.,1.,0.));
#3764=DIRECTION('',(1.,0.,0.));
#3765=DIRECTION('',(0.,0.,1.));
#3766=DIRECTION('',(0.,1.,0.));
#3767=DIRECTION('',(1.,0.,0.));
#3768=DIRECTION('',(1.,0.,0.));
#3769=DIRECTION('',(0.,1.,0.));
#3770=DIRECTION('',(1.,0.,0.));
#3771=DIRECTION('',(0.,0.,1.));
#3772=DIRECTION('',(0.,1.,0.));
#3773=DIRECTION('',(1.,0.,0.));
#3774=DIRECTION('',(1.,0.,0.));
#3775=DIRECTION('',(0.,1.,0.));
#3776=DIRECTION('',(1.,0.,0.));
#3777=DIRECTION('',(0.,0.,1.));
#3778=DIRECTION('',(0.,1.,0.));
#3779=DIRECTION('',(1.,0.,0.));
#3780=DIRECTION('',(1.,0.,0.));
#3781=DIRECTION('',(0.,1.,0.));
#3782=DIRECTION('',(1.,0.,0.));
#3783=DIRECTION('',(0.,0.,1.));
#3784=DIRECTION('',(0.,1.,0.));
#3785=DIRECTION('',(1.,0.,0.));
#3786=DIRECTION('',(1.,0.,0.));
#3787=DIRECTION('',(0.,1.,0.));
#3788=DIRECTION('',(1.,0.,0.));
#3789=DIRECTION('',(0.,0.,1.));
#3790=DIRECTION('',(0.,1.,0.));
#3791=DIRECTION('',(1.,0.,0.));
#3792=DIRECTION('',(1.,0.,0.));
#3793=DIRECTION('',(0.,1.,0.));
#3794=DIRECTION('',(1.,0.,0.));
#3795=DIRECTION('',(0.,0.,1.));
#3796=DIRECTION('',(0.,1.,0.));
#3797=DIRECTION('',(1.,0.,0.));
#3798=DIRECTION('',(1.,0.,0.));
#3799=DIRECTION('',(0.,1.,0.));
#3800=DIRECTION('',(1.,0.,0.));
#3801=DIRECTION('',(0.,0.,1.));
#3802=DIRECTION('',(0.,1.,0.));
#3803=DIRECTION('',(1.,0.,0.));
#3804=DIRECTION('',(1.,0.,0.));
#3805=DIRECTION('',(0.,1.,0.));
#3806=DIRECTION('',(1.,0.,0.));
#3807=DIRECTION('',(0.,0.,1.));
#3808=DIRECTION('',(0.,1.,0.));
#3809=DIRECTION('',(1.,0.,0.));
#3810=DIRECTION('',(1.,0.,0.));
#3811=DIRECTION('',(0.,1.,0.));
#3812=DIRECTION('',(1.,0.,0.));
#3813=DIRECTION('',(0.,0.,1.));
#3814=DIRECTION('',(0.,1.,0.));
#3815=DIRECTION('',(1.,0.,0.));
#3816=DIRECTION('',(1.,0.,0.));
#3817=DIRECTION('',(0.,1.,0.));
#3818=DIRECTION('',(1.,0.,0.));
#3819=DIRECTION('',(0.,0.,1.));
#3820=DIRECTION('',(0.,1.,0.));
#3821=DIRECTION('',(1.,0.,0.));
#3822=DIRECTION('',(1.,0.,0.));
#3823=DIRECTION('',(0.,1.,0.));
#3824=DIRECTION('',(1.,0.,0.));
#3825=DIRECTION('',(0.,0.,1.));
#3826=DIRECTION('',(0.,1.,0.));
#3827=DIRECTION('',(1.,0.,0.));
#3828=DIRECTION('',(1.,0.,0.));
#3829=DIRECTION('',(0.,1.,0.));
#3830=DIRECTION('',(1.,0.,0.));
#3831=DIRECTION('',(0.,0.,1.));
#3832=DIRECTION('',(0.,1.,0.));
#3833=DIRECTION('',(1.,0.,0.));
#3834=DIRECTION('',(1.,0.,0.));
#3835=DIRECTION('',(0.,1.,0.));
#3836=DIRECTION('',(1.,0.,0.));
#3837=DIRECTION('',(0.,0.,1.));
#3838=DIRECTION('',(0.,1.,0.));
#3839=DIRECTION('',(1.,0.,0.));
#3840=DIRECTION('',(1.,0.,0.));
#3841=DIRECTION('',(0.,1.,0.));
#3842=DIRECTION('',(1.,0.,0.));
#3843=DIRECTION('',(0.,0.,1.));
#3844=DIRECTION('',(0.,1.,0.));
#3845=DIRECTION('',(1.,0.,0.));
#3846=DIRECTION('',(1.,0.,0.));
#3847=DIRECTION('',(0.,1.,0.));
#3848=DIRECTION('',(1.,0.,0.));
#3849=DIRECTION('',(0.,0.,1.));
#3850=DIRECTION('',(0.,1.,0.));
#3851=DIRECTION('',(1.,0.,0.));
#3852=DIRECTION('',(1.,0.,0.));
#3853=DIRECTION('',(0.,1.,0.));
#3854=DIRECTION('',(1.,0.,0.));
#3855=DIRECTION('',(0.,0.,1.));
#3856=DIRECTION('',(0.,1.,0.));
#3857=DIRECTION('',(1.,0.,0.));
#3858=DIRECTION('',(1.,0.,0.));
#3859=DIRECTION('',(0.,1.,0.));
#3860=DIRECTION('',(1.,0.,0.));
#3861=DIRECTION('',(0.,0.,1.));
#3862=DIRECTION('',(0.,1.,0.));
#3863=DIRECTION('',(1.,0.,0.));
#3864=DIRECTION('',(1.,0.,0.));
#3865=DIRECTION('',(0.,1.,0.));
#3866=DIRECTION('',(1.,0.,0.));
#3867=DIRECTION('',(0.,0.,1.));
#3868=DIRECTION('',(0.,1.,0.));
#3869=DIRECTION('',(1.,0.,0.));
#3870=DIRECTION('',(1.,0.,0.));
#3871=DIRECTION('',(0.,1.,0.));
#3872=DIRECTION('',(1.,0.,0.));
#3873=DIRECTION('',(0.,0.,1.));
#3874=DIRECTION('',(0.,1.,0.));
#3875=DIRECTION('',(1.,0.,0.));
#3876=DIRECTION('',(1.,0.,0.));
#3877=DIRECTION('',(0.,1.,0.));
#3878=DIRECTION('',(1.,0.,0.));
#3879=DIRECTION('',(0.,1.,0.));
#3880=DIRECTION('',(1.,0.,0.));
#3881=DIRECTION('',(1.,0.,0.));
#3882=DIRECTION('',(0.,1.,0.));
#3883=DIRECTION('',(1.,0.,0.));
#3884=DIRECTION('',(1.,0.,0.));
#3885=DIRECTION('',(0.,1.,0.));
#3886=DIRECTION('',(1.,0.,0.));
#3887=DIRECTION('',(0.,-1.,0.));
#3888=DIRECTION('',(1.,0.,0.));
#3889=DIRECTION('',(0.,-1.,0.));
#3890=DIRECTION('',(-1.,0.,0.));
#3891=DIRECTION('',(0.,-1.,0.));
#3892=DIRECTION('',(-1.,0.,0.));
#3893=DIRECTION('',(-1.,0.,0.));
#3894=DIRECTION('',(0.,0.,-1.));
#3895=DIRECTION('',(-1.,0.,0.));
#3896=DIRECTION('',(0.,0.,-1.));
#3897=DIRECTION('',(0.,-1.,0.));
#3898=DIRECTION('',(-1.,0.,0.));
#3899=DIRECTION('',(0.,-1.,0.));
#3900=DIRECTION('',(-1.,0.,0.));
#3901=DIRECTION('',(1.,0.,2.86139954800298E-16));
#3902=DIRECTION('',(1.82123199577617E-16,0.,-1.));
#3903=DIRECTION('',(1.,0.,2.86139954800298E-16));
#3904=DIRECTION('',(0.,0.,-1.));
#3905=DIRECTION('',(0.,0.,-1.));
#3906=DIRECTION('',(-1.,0.,0.));
#3907=DIRECTION('',(0.,0.,-1.));
#3908=DIRECTION('',(-1.,0.,0.));
#3909=DIRECTION('',(1.,0.,0.));
#3910=DIRECTION('',(0.,-1.,0.));
#3911=DIRECTION('',(0.,-1.,0.));
#3912=DIRECTION('',(0.,-1.,0.));
#3913=DIRECTION('',(0.,0.,-1.));
#3914=DIRECTION('',(0.,1.,0.));
#3915=DIRECTION('',(0.,-1.,0.));
#3916=DIRECTION('',(1.,0.,0.));
#3917=DIRECTION('',(0.,-1.,0.));
#3918=DIRECTION('',(0.,-1.,0.));
#3919=DIRECTION('',(0.,-1.,0.));
#3920=DIRECTION('',(-1.,0.,0.));
#3921=DIRECTION('',(0.,-1.,0.));
#3922=DIRECTION('',(-1.,0.,0.));
#3923=DIRECTION('',(0.,0.,-1.));
#3924=DIRECTION('',(0.,1.,0.));
#3925=DIRECTION('',(0.,-1.,0.));
#3926=DIRECTION('',(-1.,0.,0.));
#3927=DIRECTION('',(0.,-1.,0.));
#3928=DIRECTION('',(-1.,0.,0.));
#3929=DIRECTION('',(0.,-1.,0.));
#3930=DIRECTION('',(-1.,0.,0.));
#3931=DIRECTION('',(0.,-1.,0.));
#3932=DIRECTION('',(0.,1.,0.));
#3933=DIRECTION('',(1.,0.,0.));
#3934=DIRECTION('',(0.,-1.,0.));
#3935=DIRECTION('',(0.,0.,-1.));
#3936=DIRECTION('',(0.,1.,0.));
#3937=DIRECTION('',(0.,-1.,0.));
#3938=DIRECTION('',(1.,0.,0.));
#3939=DIRECTION('',(0.,-1.,0.));
#3940=DIRECTION('',(-1.,0.,0.));
#3941=DIRECTION('',(0.,-1.,0.));
#3942=DIRECTION('',(0.,1.,0.));
#3943=DIRECTION('',(1.,0.,0.));
#3944=DIRECTION('',(1.,0.,0.));
#3945=DIRECTION('',(0.,-1.,0.));
#3946=DIRECTION('',(0.,-1.,0.));
#3947=DIRECTION('',(0.,0.,1.));
#3948=DIRECTION('',(0.,-1.,0.));
#3949=DIRECTION('',(-1.,0.,0.));
#3950=DIRECTION('',(0.,-1.,0.));
#3951=DIRECTION('',(0.,1.,0.));
#3952=DIRECTION('',(1.,0.,0.));
#3953=DIRECTION('',(0.,0.,-1.));
#3954=DIRECTION('',(0.,1.,0.));
#3955=DIRECTION('',(0.,-1.,0.));
#3956=DIRECTION('',(1.,0.,0.));
#3957=DIRECTION('',(0.,-1.,0.));
#3958=DIRECTION('',(-1.,0.,0.));
#3959=DIRECTION('',(0.,-1.,0.));
#3960=DIRECTION('',(0.,1.,0.));
#3961=DIRECTION('',(1.,0.,0.));
#3962=DIRECTION('',(0.,-1.,0.));
#3963=DIRECTION('',(-1.,0.,0.));
#3964=DIRECTION('',(0.,-1.,0.));
#3965=DIRECTION('',(0.,1.,0.));
#3966=DIRECTION('',(1.,0.,0.));
#3967=DIRECTION('',(0.,-1.,0.));
#3968=DIRECTION('',(0.,0.,-1.));
#3969=DIRECTION('',(0.,1.,0.));
#3970=DIRECTION('',(0.,-1.,0.));
#3971=DIRECTION('',(1.,0.,0.));
#3972=DIRECTION('',(0.,-1.,0.));
#3973=DIRECTION('',(-1.,0.,0.));
#3974=DIRECTION('',(0.,-1.,0.));
#3975=DIRECTION('',(0.,1.,0.));
#3976=DIRECTION('',(1.,0.,0.));
#3977=DIRECTION('',(1.,0.,0.));
#3978=DIRECTION('',(0.,-1.,0.));
#3979=DIRECTION('',(0.,-1.,0.));
#3980=DIRECTION('',(0.,0.,1.));
#3981=DIRECTION('',(0.,-1.,0.));
#3982=DIRECTION('',(-1.,0.,0.));
#3983=DIRECTION('',(0.,-1.,0.));
#3984=DIRECTION('',(0.,1.,0.));
#3985=DIRECTION('',(1.,0.,0.));
#3986=DIRECTION('',(0.,0.,-1.));
#3987=DIRECTION('',(0.,1.,0.));
#3988=DIRECTION('',(0.,-1.,0.));
#3989=DIRECTION('',(1.,0.,0.));
#3990=DIRECTION('',(0.,-1.,0.));
#3991=DIRECTION('',(-1.,0.,0.));
#3992=DIRECTION('',(0.,-1.,0.));
#3993=DIRECTION('',(0.,1.,0.));
#3994=DIRECTION('',(1.,0.,0.));
#3995=DIRECTION('',(0.,-1.,0.));
#3996=DIRECTION('',(-1.,0.,0.));
#3997=DIRECTION('',(0.,-1.,0.));
#3998=DIRECTION('',(0.,1.,0.));
#3999=DIRECTION('',(1.,0.,0.));
#4000=DIRECTION('',(0.,-1.,0.));
#4001=DIRECTION('',(0.,0.,-1.));
#4002=DIRECTION('',(0.,1.,0.));
#4003=DIRECTION('',(0.,-1.,0.));
#4004=DIRECTION('',(1.,0.,0.));
#4005=DIRECTION('',(0.,-1.,0.));
#4006=DIRECTION('',(-1.,0.,0.));
#4007=DIRECTION('',(0.,-1.,0.));
#4008=DIRECTION('',(0.,1.,0.));
#4009=DIRECTION('',(1.,0.,0.));
#4010=DIRECTION('',(1.,0.,0.));
#4011=DIRECTION('',(0.,-1.,0.));
#4012=DIRECTION('',(0.,-1.,0.));
#4013=DIRECTION('',(0.,0.,1.));
#4014=DIRECTION('',(0.,-1.,0.));
#4015=DIRECTION('',(-1.,0.,0.));
#4016=DIRECTION('',(0.,-1.,0.));
#4017=DIRECTION('',(0.,1.,0.));
#4018=DIRECTION('',(1.,0.,0.));
#4019=DIRECTION('',(0.,0.,-1.));
#4020=DIRECTION('',(0.,1.,0.));
#4021=DIRECTION('',(0.,-1.,0.));
#4022=DIRECTION('',(1.,0.,0.));
#4023=DIRECTION('',(0.,-1.,0.));
#4024=DIRECTION('',(-1.,0.,0.));
#4025=DIRECTION('',(0.,-1.,0.));
#4026=DIRECTION('',(0.,1.,0.));
#4027=DIRECTION('',(1.,0.,0.));
#4028=DIRECTION('',(0.,-1.,0.));
#4029=DIRECTION('',(-1.,0.,0.));
#4030=DIRECTION('',(0.,-1.,0.));
#4031=DIRECTION('',(0.,1.,0.));
#4032=DIRECTION('',(1.,0.,0.));
#4033=DIRECTION('',(0.,-1.,0.));
#4034=DIRECTION('',(0.,0.,-1.));
#4035=DIRECTION('',(0.,1.,0.));
#4036=DIRECTION('',(0.,-1.,0.));
#4037=DIRECTION('',(1.,0.,0.));
#4038=DIRECTION('',(0.,-1.,0.));
#4039=DIRECTION('',(-1.,0.,0.));
#4040=DIRECTION('',(0.,-1.,0.));
#4041=DIRECTION('',(0.,1.,0.));
#4042=DIRECTION('',(1.,0.,0.));
#4043=DIRECTION('',(1.,0.,0.));
#4044=DIRECTION('',(0.,-1.,0.));
#4045=DIRECTION('',(0.,-1.,0.));
#4046=DIRECTION('',(0.,0.,1.));
#4047=DIRECTION('',(0.,-1.,0.));
#4048=DIRECTION('',(-1.,0.,0.));
#4049=DIRECTION('',(0.,-1.,0.));
#4050=DIRECTION('',(0.,1.,0.));
#4051=DIRECTION('',(1.,0.,0.));
#4052=DIRECTION('',(0.,0.,-1.));
#4053=DIRECTION('',(0.,1.,0.));
#4054=DIRECTION('',(0.,-1.,0.));
#4055=DIRECTION('',(1.,0.,0.));
#4056=DIRECTION('',(0.,-1.,0.));
#4057=DIRECTION('',(-1.,0.,0.));
#4058=DIRECTION('',(0.,-1.,0.));
#4059=DIRECTION('',(0.,1.,0.));
#4060=DIRECTION('',(1.,0.,0.));
#4061=DIRECTION('',(0.,-1.,0.));
#4062=DIRECTION('',(-1.,0.,0.));
#4063=DIRECTION('',(0.,-1.,0.));
#4064=DIRECTION('',(0.,1.,0.));
#4065=DIRECTION('',(1.,0.,0.));
#4066=DIRECTION('',(0.,-1.,0.));
#4067=DIRECTION('',(0.,0.,-1.));
#4068=DIRECTION('',(0.,1.,0.));
#4069=DIRECTION('',(0.,-1.,0.));
#4070=DIRECTION('',(1.,0.,0.));
#4071=DIRECTION('',(0.,-1.,0.));
#4072=DIRECTION('',(-1.,0.,0.));
#4073=DIRECTION('',(0.,-1.,0.));
#4074=DIRECTION('',(0.,1.,0.));
#4075=DIRECTION('',(1.,0.,0.));
#4076=DIRECTION('',(1.,0.,0.));
#4077=DIRECTION('',(0.,-1.,0.));
#4078=DIRECTION('',(0.,-1.,0.));
#4079=DIRECTION('',(0.,0.,1.));
#4080=DIRECTION('',(0.,-1.,0.));
#4081=DIRECTION('',(-1.,0.,0.));
#4082=DIRECTION('',(0.,-1.,0.));
#4083=DIRECTION('',(0.,1.,0.));
#4084=DIRECTION('',(1.,0.,0.));
#4085=DIRECTION('',(0.,0.,-1.));
#4086=DIRECTION('',(0.,1.,0.));
#4087=DIRECTION('',(0.,-1.,0.));
#4088=DIRECTION('',(1.,0.,0.));
#4089=DIRECTION('',(0.,-1.,0.));
#4090=DIRECTION('',(-1.,0.,0.));
#4091=DIRECTION('',(0.,-1.,0.));
#4092=DIRECTION('',(0.,1.,0.));
#4093=DIRECTION('',(1.,0.,0.));
#4094=DIRECTION('',(0.,-1.,0.));
#4095=DIRECTION('',(-1.,0.,0.));
#4096=DIRECTION('',(0.,-1.,0.));
#4097=DIRECTION('',(0.,1.,0.));
#4098=DIRECTION('',(1.,0.,0.));
#4099=DIRECTION('',(0.,-1.,0.));
#4100=DIRECTION('',(0.,0.,-1.));
#4101=DIRECTION('',(0.,1.,0.));
#4102=DIRECTION('',(0.,-1.,0.));
#4103=DIRECTION('',(1.,0.,0.));
#4104=DIRECTION('',(0.,-1.,0.));
#4105=DIRECTION('',(-1.,0.,0.));
#4106=DIRECTION('',(0.,-1.,0.));
#4107=DIRECTION('',(0.,1.,0.));
#4108=DIRECTION('',(1.,0.,0.));
#4109=DIRECTION('',(1.,0.,0.));
#4110=DIRECTION('',(0.,-1.,0.));
#4111=DIRECTION('',(0.,-1.,0.));
#4112=DIRECTION('',(0.,0.,1.));
#4113=DIRECTION('',(0.,-1.,0.));
#4114=DIRECTION('',(-1.,0.,0.));
#4115=DIRECTION('',(0.,-1.,0.));
#4116=DIRECTION('',(0.,1.,0.));
#4117=DIRECTION('',(1.,0.,0.));
#4118=DIRECTION('',(0.,0.,-1.));
#4119=DIRECTION('',(0.,1.,0.));
#4120=DIRECTION('',(0.,-1.,0.));
#4121=DIRECTION('',(1.,0.,0.));
#4122=DIRECTION('',(0.,-1.,0.));
#4123=DIRECTION('',(-1.,0.,0.));
#4124=DIRECTION('',(0.,-1.,0.));
#4125=DIRECTION('',(0.,1.,0.));
#4126=DIRECTION('',(1.,0.,0.));
#4127=DIRECTION('',(0.,-1.,0.));
#4128=DIRECTION('',(-1.,0.,0.));
#4129=DIRECTION('',(0.,-1.,0.));
#4130=DIRECTION('',(0.,1.,0.));
#4131=DIRECTION('',(1.,0.,0.));
#4132=DIRECTION('',(0.,-1.,0.));
#4133=DIRECTION('',(0.,0.,-1.));
#4134=DIRECTION('',(0.,1.,0.));
#4135=DIRECTION('',(0.,-1.,0.));
#4136=DIRECTION('',(1.,0.,0.));
#4137=DIRECTION('',(0.,-1.,0.));
#4138=DIRECTION('',(-1.,0.,0.));
#4139=DIRECTION('',(0.,-1.,0.));
#4140=DIRECTION('',(0.,1.,0.));
#4141=DIRECTION('',(1.,0.,0.));
#4142=DIRECTION('',(1.,0.,0.));
#4143=DIRECTION('',(0.,-1.,0.));
#4144=DIRECTION('',(0.,-1.,0.));
#4145=DIRECTION('',(0.,0.,1.));
#4146=DIRECTION('',(0.,-1.,0.));
#4147=DIRECTION('',(-1.,0.,0.));
#4148=DIRECTION('',(0.,-1.,0.));
#4149=DIRECTION('',(0.,1.,0.));
#4150=DIRECTION('',(1.,0.,0.));
#4151=DIRECTION('',(0.,0.,-1.));
#4152=DIRECTION('',(0.,1.,0.));
#4153=DIRECTION('',(0.,-1.,0.));
#4154=DIRECTION('',(1.,0.,0.));
#4155=DIRECTION('',(0.,-1.,0.));
#4156=DIRECTION('',(-1.,0.,0.));
#4157=DIRECTION('',(0.,-1.,0.));
#4158=DIRECTION('',(0.,1.,0.));
#4159=DIRECTION('',(1.,0.,0.));
#4160=DIRECTION('',(0.,-1.,0.));
#4161=DIRECTION('',(-1.,0.,0.));
#4162=DIRECTION('',(0.,-1.,0.));
#4163=DIRECTION('',(0.,1.,0.));
#4164=DIRECTION('',(1.,0.,0.));
#4165=DIRECTION('',(0.,-1.,0.));
#4166=DIRECTION('',(0.,0.,-1.));
#4167=DIRECTION('',(0.,1.,0.));
#4168=DIRECTION('',(0.,-1.,0.));
#4169=DIRECTION('',(1.,0.,0.));
#4170=DIRECTION('',(0.,-1.,0.));
#4171=DIRECTION('',(-1.,0.,0.));
#4172=DIRECTION('',(0.,-1.,0.));
#4173=DIRECTION('',(0.,1.,0.));
#4174=DIRECTION('',(1.,0.,0.));
#4175=DIRECTION('',(1.,0.,0.));
#4176=DIRECTION('',(0.,-1.,0.));
#4177=DIRECTION('',(0.,-1.,0.));
#4178=DIRECTION('',(0.,0.,1.));
#4179=DIRECTION('',(0.,-1.,0.));
#4180=DIRECTION('',(-1.,0.,0.));
#4181=DIRECTION('',(0.,-1.,0.));
#4182=DIRECTION('',(0.,1.,0.));
#4183=DIRECTION('',(1.,0.,0.));
#4184=DIRECTION('',(0.,0.,-1.));
#4185=DIRECTION('',(0.,1.,0.));
#4186=DIRECTION('',(0.,-1.,0.));
#4187=DIRECTION('',(1.,0.,0.));
#4188=DIRECTION('',(0.,-1.,0.));
#4189=DIRECTION('',(-1.,0.,0.));
#4190=DIRECTION('',(0.,-1.,0.));
#4191=DIRECTION('',(0.,1.,0.));
#4192=DIRECTION('',(1.,0.,0.));
#4193=DIRECTION('',(0.,-1.,0.));
#4194=DIRECTION('',(-1.,0.,0.));
#4195=DIRECTION('',(0.,-1.,0.));
#4196=DIRECTION('',(0.,1.,0.));
#4197=DIRECTION('',(1.,0.,0.));
#4198=DIRECTION('',(0.,-1.,0.));
#4199=DIRECTION('',(0.,0.,-1.));
#4200=DIRECTION('',(0.,1.,0.));
#4201=DIRECTION('',(0.,-1.,0.));
#4202=DIRECTION('',(1.,0.,0.));
#4203=DIRECTION('',(0.,-1.,0.));
#4204=DIRECTION('',(-1.,0.,0.));
#4205=DIRECTION('',(0.,-1.,0.));
#4206=DIRECTION('',(0.,1.,0.));
#4207=DIRECTION('',(1.,0.,0.));
#4208=DIRECTION('',(1.,0.,0.));
#4209=DIRECTION('',(0.,-1.,0.));
#4210=DIRECTION('',(0.,-1.,0.));
#4211=DIRECTION('',(0.,0.,1.));
#4212=DIRECTION('',(0.,-1.,0.));
#4213=DIRECTION('',(-1.,0.,0.));
#4214=DIRECTION('',(0.,-1.,0.));
#4215=DIRECTION('',(0.,1.,0.));
#4216=DIRECTION('',(1.,0.,0.));
#4217=DIRECTION('',(0.,0.,-1.));
#4218=DIRECTION('',(0.,1.,0.));
#4219=DIRECTION('',(0.,-1.,0.));
#4220=DIRECTION('',(1.,0.,0.));
#4221=DIRECTION('',(0.,-1.,0.));
#4222=DIRECTION('',(-1.,0.,0.));
#4223=DIRECTION('',(0.,-1.,0.));
#4224=DIRECTION('',(0.,1.,0.));
#4225=DIRECTION('',(1.,0.,0.));
#4226=DIRECTION('',(0.,-1.,0.));
#4227=DIRECTION('',(-1.,0.,0.));
#4228=DIRECTION('',(0.,-1.,0.));
#4229=DIRECTION('',(0.,1.,0.));
#4230=DIRECTION('',(1.,0.,0.));
#4231=DIRECTION('',(0.,-1.,0.));
#4232=DIRECTION('',(0.,0.,-1.));
#4233=DIRECTION('',(0.,1.,0.));
#4234=DIRECTION('',(0.,-1.,0.));
#4235=DIRECTION('',(1.,0.,0.));
#4236=DIRECTION('',(0.,-1.,0.));
#4237=DIRECTION('',(-1.,0.,0.));
#4238=DIRECTION('',(0.,-1.,0.));
#4239=DIRECTION('',(0.,1.,0.));
#4240=DIRECTION('',(1.,0.,0.));
#4241=DIRECTION('',(1.,0.,0.));
#4242=DIRECTION('',(0.,-1.,0.));
#4243=DIRECTION('',(0.,-1.,0.));
#4244=DIRECTION('',(0.,0.,1.));
#4245=DIRECTION('',(0.,-1.,0.));
#4246=DIRECTION('',(-1.,0.,0.));
#4247=DIRECTION('',(0.,-1.,0.));
#4248=DIRECTION('',(0.,1.,0.));
#4249=DIRECTION('',(1.,0.,0.));
#4250=DIRECTION('',(0.,0.,-1.));
#4251=DIRECTION('',(0.,1.,0.));
#4252=DIRECTION('',(0.,-1.,0.));
#4253=DIRECTION('',(1.,0.,0.));
#4254=DIRECTION('',(0.,-1.,0.));
#4255=DIRECTION('',(-1.,0.,0.));
#4256=DIRECTION('',(0.,-1.,0.));
#4257=DIRECTION('',(0.,1.,0.));
#4258=DIRECTION('',(1.,0.,0.));
#4259=DIRECTION('',(0.,-1.,0.));
#4260=DIRECTION('',(-1.,0.,0.));
#4261=DIRECTION('',(0.,-1.,0.));
#4262=DIRECTION('',(0.,1.,0.));
#4263=DIRECTION('',(1.,0.,0.));
#4264=DIRECTION('',(0.,-1.,0.));
#4265=DIRECTION('',(0.,0.,-1.));
#4266=DIRECTION('',(0.,1.,0.));
#4267=DIRECTION('',(0.,-1.,0.));
#4268=DIRECTION('',(1.,0.,0.));
#4269=DIRECTION('',(0.,-1.,0.));
#4270=DIRECTION('',(-1.,0.,0.));
#4271=DIRECTION('',(0.,-1.,0.));
#4272=DIRECTION('',(0.,1.,0.));
#4273=DIRECTION('',(1.,0.,0.));
#4274=DIRECTION('',(1.,0.,0.));
#4275=DIRECTION('',(0.,-1.,0.));
#4276=DIRECTION('',(0.,-1.,0.));
#4277=DIRECTION('',(0.,0.,1.));
#4278=DIRECTION('',(0.,-1.,0.));
#4279=DIRECTION('',(-1.,0.,0.));
#4280=DIRECTION('',(0.,-1.,0.));
#4281=DIRECTION('',(0.,1.,0.));
#4282=DIRECTION('',(1.,0.,0.));
#4283=DIRECTION('',(0.,0.,-1.));
#4284=DIRECTION('',(0.,1.,0.));
#4285=DIRECTION('',(0.,-1.,0.));
#4286=DIRECTION('',(1.,0.,0.));
#4287=DIRECTION('',(0.,-1.,0.));
#4288=DIRECTION('',(-1.,0.,0.));
#4289=DIRECTION('',(0.,-1.,0.));
#4290=DIRECTION('',(0.,1.,0.));
#4291=DIRECTION('',(1.,0.,0.));
#4292=DIRECTION('',(0.,-1.,0.));
#4293=DIRECTION('',(-1.,0.,0.));
#4294=DIRECTION('',(0.,-1.,0.));
#4295=DIRECTION('',(0.,1.,0.));
#4296=DIRECTION('',(1.,0.,0.));
#4297=DIRECTION('',(0.,-1.,0.));
#4298=DIRECTION('',(0.,0.,-1.));
#4299=DIRECTION('',(0.,1.,0.));
#4300=DIRECTION('',(0.,-1.,0.));
#4301=DIRECTION('',(1.,0.,0.));
#4302=DIRECTION('',(0.,-1.,0.));
#4303=DIRECTION('',(-1.,0.,0.));
#4304=DIRECTION('',(0.,-1.,0.));
#4305=DIRECTION('',(0.,1.,0.));
#4306=DIRECTION('',(1.,0.,0.));
#4307=DIRECTION('',(1.,0.,0.));
#4308=DIRECTION('',(0.,-1.,0.));
#4309=DIRECTION('',(0.,-1.,0.));
#4310=DIRECTION('',(0.,0.,1.));
#4311=DIRECTION('',(0.,-1.,0.));
#4312=DIRECTION('',(-1.,0.,0.));
#4313=DIRECTION('',(0.,-1.,0.));
#4314=DIRECTION('',(0.,1.,0.));
#4315=DIRECTION('',(1.,0.,0.));
#4316=DIRECTION('',(0.,0.,-1.));
#4317=DIRECTION('',(0.,1.,0.));
#4318=DIRECTION('',(0.,-1.,0.));
#4319=DIRECTION('',(1.,0.,0.));
#4320=DIRECTION('',(0.,-1.,0.));
#4321=DIRECTION('',(-1.,0.,0.));
#4322=DIRECTION('',(0.,-1.,0.));
#4323=DIRECTION('',(0.,1.,0.));
#4324=DIRECTION('',(1.,0.,0.));
#4325=DIRECTION('',(0.,-1.,0.));
#4326=DIRECTION('',(-1.,0.,0.));
#4327=DIRECTION('',(0.,-1.,0.));
#4328=DIRECTION('',(0.,1.,0.));
#4329=DIRECTION('',(1.,0.,0.));
#4330=DIRECTION('',(0.,-1.,0.));
#4331=DIRECTION('',(0.,0.,-1.));
#4332=DIRECTION('',(0.,1.,0.));
#4333=DIRECTION('',(0.,-1.,0.));
#4334=DIRECTION('',(1.,0.,0.));
#4335=DIRECTION('',(0.,-1.,0.));
#4336=DIRECTION('',(-1.,0.,0.));
#4337=DIRECTION('',(0.,-1.,0.));
#4338=DIRECTION('',(0.,1.,0.));
#4339=DIRECTION('',(1.,0.,0.));
#4340=DIRECTION('',(1.,0.,0.));
#4341=DIRECTION('',(0.,-1.,0.));
#4342=DIRECTION('',(0.,-1.,0.));
#4343=DIRECTION('',(0.,0.,1.));
#4344=DIRECTION('',(0.,-1.,0.));
#4345=DIRECTION('',(-1.,0.,0.));
#4346=DIRECTION('',(0.,-1.,0.));
#4347=DIRECTION('',(0.,1.,0.));
#4348=DIRECTION('',(1.,0.,0.));
#4349=DIRECTION('',(0.,0.,-1.));
#4350=DIRECTION('',(0.,1.,0.));
#4351=DIRECTION('',(0.,-1.,0.));
#4352=DIRECTION('',(1.,0.,0.));
#4353=DIRECTION('',(0.,-1.,0.));
#4354=DIRECTION('',(-1.,0.,0.));
#4355=DIRECTION('',(0.,-1.,0.));
#4356=DIRECTION('',(0.,1.,0.));
#4357=DIRECTION('',(1.,0.,0.));
#4358=DIRECTION('',(0.,-1.,0.));
#4359=DIRECTION('',(-1.,0.,0.));
#4360=DIRECTION('',(0.,-1.,0.));
#4361=DIRECTION('',(0.,1.,0.));
#4362=DIRECTION('',(1.,0.,0.));
#4363=DIRECTION('',(0.,-1.,0.));
#4364=DIRECTION('',(0.,0.,-1.));
#4365=DIRECTION('',(0.,1.,0.));
#4366=DIRECTION('',(0.,-1.,0.));
#4367=DIRECTION('',(1.,0.,0.));
#4368=DIRECTION('',(0.,-1.,0.));
#4369=DIRECTION('',(-1.,0.,0.));
#4370=DIRECTION('',(0.,-1.,0.));
#4371=DIRECTION('',(0.,1.,0.));
#4372=DIRECTION('',(1.,0.,0.));
#4373=DIRECTION('',(1.,0.,0.));
#4374=DIRECTION('',(0.,-1.,0.));
#4375=DIRECTION('',(0.,-1.,0.));
#4376=DIRECTION('',(0.,0.,1.));
#4377=DIRECTION('',(0.,-1.,0.));
#4378=DIRECTION('',(-1.,0.,0.));
#4379=DIRECTION('',(0.,-1.,0.));
#4380=DIRECTION('',(0.,1.,0.));
#4381=DIRECTION('',(1.,0.,0.));
#4382=DIRECTION('',(0.,0.,-1.));
#4383=DIRECTION('',(0.,1.,0.));
#4384=DIRECTION('',(0.,-1.,0.));
#4385=DIRECTION('',(1.,0.,0.));
#4386=DIRECTION('',(0.,-1.,0.));
#4387=DIRECTION('',(-1.,0.,0.));
#4388=DIRECTION('',(0.,-1.,0.));
#4389=DIRECTION('',(0.,1.,0.));
#4390=DIRECTION('',(1.,0.,0.));
#4391=DIRECTION('',(0.,-1.,0.));
#4392=DIRECTION('',(-1.,0.,0.));
#4393=DIRECTION('',(0.,-1.,0.));
#4394=DIRECTION('',(0.,1.,0.));
#4395=DIRECTION('',(1.,0.,0.));
#4396=DIRECTION('',(0.,-1.,0.));
#4397=DIRECTION('',(0.,0.,-1.));
#4398=DIRECTION('',(0.,1.,0.));
#4399=DIRECTION('',(0.,-1.,0.));
#4400=DIRECTION('',(1.,0.,0.));
#4401=DIRECTION('',(0.,-1.,0.));
#4402=DIRECTION('',(-1.,0.,0.));
#4403=DIRECTION('',(0.,-1.,0.));
#4404=DIRECTION('',(0.,1.,0.));
#4405=DIRECTION('',(1.,0.,0.));
#4406=DIRECTION('',(1.,0.,0.));
#4407=DIRECTION('',(0.,-1.,0.));
#4408=DIRECTION('',(0.,-1.,0.));
#4409=DIRECTION('',(0.,0.,1.));
#4410=DIRECTION('',(0.,-1.,0.));
#4411=DIRECTION('',(-1.,0.,0.));
#4412=DIRECTION('',(0.,-1.,0.));
#4413=DIRECTION('',(0.,1.,0.));
#4414=DIRECTION('',(1.,0.,0.));
#4415=DIRECTION('',(0.,0.,-1.));
#4416=DIRECTION('',(0.,1.,0.));
#4417=DIRECTION('',(0.,-1.,0.));
#4418=DIRECTION('',(1.,0.,0.));
#4419=DIRECTION('',(0.,-1.,0.));
#4420=DIRECTION('',(-1.,0.,0.));
#4421=DIRECTION('',(0.,-1.,0.));
#4422=DIRECTION('',(0.,1.,0.));
#4423=DIRECTION('',(1.,0.,0.));
#4424=DIRECTION('',(0.,-1.,0.));
#4425=DIRECTION('',(-1.,0.,0.));
#4426=DIRECTION('',(0.,-1.,0.));
#4427=DIRECTION('',(0.,1.,0.));
#4428=DIRECTION('',(1.,0.,0.));
#4429=DIRECTION('',(0.,-1.,0.));
#4430=DIRECTION('',(0.,0.,-1.));
#4431=DIRECTION('',(0.,1.,0.));
#4432=DIRECTION('',(0.,-1.,0.));
#4433=DIRECTION('',(1.,0.,0.));
#4434=DIRECTION('',(0.,-1.,0.));
#4435=DIRECTION('',(-1.,0.,0.));
#4436=DIRECTION('',(0.,-1.,0.));
#4437=DIRECTION('',(0.,1.,0.));
#4438=DIRECTION('',(1.,0.,0.));
#4439=DIRECTION('',(1.,0.,0.));
#4440=DIRECTION('',(0.,-1.,0.));
#4441=DIRECTION('',(0.,-1.,0.));
#4442=DIRECTION('',(0.,0.,1.));
#4443=DIRECTION('',(0.,-1.,0.));
#4444=DIRECTION('',(-1.,0.,0.));
#4445=DIRECTION('',(0.,-1.,0.));
#4446=DIRECTION('',(0.,1.,0.));
#4447=DIRECTION('',(1.,0.,0.));
#4448=DIRECTION('',(0.,0.,-1.));
#4449=DIRECTION('',(0.,1.,0.));
#4450=DIRECTION('',(0.,-1.,0.));
#4451=DIRECTION('',(1.,0.,0.));
#4452=DIRECTION('',(0.,-1.,0.));
#4453=DIRECTION('',(-1.,0.,0.));
#4454=DIRECTION('',(0.,-1.,0.));
#4455=DIRECTION('',(0.,1.,0.));
#4456=DIRECTION('',(1.,0.,0.));
#4457=DIRECTION('',(1.,0.,0.));
#4458=DIRECTION('',(0.,-1.,0.));
#4459=DIRECTION('',(0.,0.,1.));
#4460=DIRECTION('',(1.,0.,0.));
#4461=DIRECTION('',(0.,-1.,0.));
#4462=DIRECTION('',(0.,0.,1.));
#4463=DIRECTION('',(1.,0.,0.));
#4464=DIRECTION('',(0.,-1.,0.));
#4465=DIRECTION('',(0.,0.,1.));
#4466=DIRECTION('',(1.,0.,0.));
#4467=DIRECTION('',(0.,-1.,0.));
#4468=DIRECTION('',(0.,0.,1.));
#4469=DIRECTION('',(1.,0.,0.));
#4470=DIRECTION('',(0.,-1.,0.));
#4471=DIRECTION('',(0.,0.,1.));
#4472=DIRECTION('',(1.,0.,0.));
#4473=DIRECTION('',(0.,-1.,0.));
#4474=DIRECTION('',(0.,0.,1.));
#4475=DIRECTION('',(1.,0.,0.));
#4476=DIRECTION('',(0.,-1.,0.));
#4477=DIRECTION('',(0.,0.,1.));
#4478=DIRECTION('',(1.,0.,0.));
#4479=DIRECTION('',(0.,-1.,0.));
#4480=DIRECTION('',(0.,0.,1.));
#4481=DIRECTION('',(1.,0.,0.));
#4482=DIRECTION('',(0.,-1.,0.));
#4483=DIRECTION('',(0.,0.,1.));
#4484=DIRECTION('',(1.,0.,0.));
#4485=DIRECTION('',(0.,-1.,0.));
#4486=DIRECTION('',(0.,0.,1.));
#4487=DIRECTION('',(1.,0.,0.));
#4488=DIRECTION('',(0.,-1.,0.));
#4489=DIRECTION('',(0.,0.,1.));
#4490=DIRECTION('',(1.,0.,0.));
#4491=DIRECTION('',(0.,-1.,0.));
#4492=DIRECTION('',(0.,0.,1.));
#4493=DIRECTION('',(1.,0.,0.));
#4494=DIRECTION('',(0.,-1.,0.));
#4495=DIRECTION('',(0.,0.,1.));
#4496=DIRECTION('',(1.,0.,0.));
#4497=DIRECTION('',(0.,-1.,0.));
#4498=DIRECTION('',(0.,0.,1.));
#4499=DIRECTION('',(1.,0.,0.));
#4500=DIRECTION('',(0.,-1.,0.));
#4501=DIRECTION('',(0.,0.,1.));
#4502=DIRECTION('',(1.,0.,0.));
#4503=DIRECTION('',(0.,-1.,0.));
#4504=DIRECTION('',(0.,0.,1.));
#4505=DIRECTION('',(0.,1.,0.));
#4506=DIRECTION('',(1.,0.,0.));
#4507=DIRECTION('',(1.,0.,0.));
#4508=DIRECTION('',(0.,0.,-1.));
#4509=DIRECTION('',(1.,0.,0.));
#4510=DIRECTION('',(0.,0.,-1.));
#4511=DIRECTION('',(0.,-1.,0.));
#4512=DIRECTION('',(-1.,0.,0.));
#4513=DIRECTION('',(0.,-1.,0.));
#4514=DIRECTION('',(0.,-1.,0.));
#4515=DIRECTION('',(-1.,0.,0.));
#4516=DIRECTION('',(0.,-1.,0.));
#4517=DIRECTION('',(0.,-1.,0.));
#4518=DIRECTION('',(-1.,0.,0.));
#4519=DIRECTION('',(0.,-1.,0.));
#4520=DIRECTION('',(-1.,0.,0.));
#4521=DIRECTION('',(0.,0.,-1.));
#4522=DIRECTION('',(0.,1.,0.));
#4523=DIRECTION('',(0.,0.,-1.));
#4524=DIRECTION('',(0.,1.,0.));
#4525=DIRECTION('',(0.,-1.,0.));
#4526=DIRECTION('',(0.,-1.,0.));
#4527=DIRECTION('',(-1.,0.,0.));
#4528=DIRECTION('',(0.,1.,0.));
#4529=DIRECTION('',(0.,-1.,0.));
#4530=DIRECTION('',(0.,0.,-1.));
#4531=DIRECTION('',(0.,1.,0.));
#4532=DIRECTION('',(0.,-1.,0.));
#4533=DIRECTION('',(-1.,0.,0.));
#4534=DIRECTION('',(0.,1.,0.));
#4535=DIRECTION('',(2.86139954800298E-16,0.,-1.));
#4536=DIRECTION('',(-1.,0.,-2.86139954800298E-16));
#4537=DIRECTION('',(0.,-1.,0.));
#4538=DIRECTION('',(0.,-1.,0.));
#4539=DIRECTION('',(-1.,0.,-1.82123199577617E-16));
#4540=DIRECTION('',(-1.82123199577617E-16,0.,1.));
#4541=DIRECTION('',(0.,-1.,0.));
#4542=DIRECTION('',(2.86139954800298E-16,0.,-1.));
#4543=DIRECTION('',(-1.,0.,-2.86139954800298E-16));
#4544=DIRECTION('',(0.,-1.,0.));
#4545=DIRECTION('',(-1.,0.,0.));
#4546=DIRECTION('',(0.,1.,0.));
#4547=DIRECTION('',(0.,0.,1.));
#4548=DIRECTION('',(0.,-1.,0.));
#4549=DIRECTION('',(0.,1.,0.));
#4550=DIRECTION('',(0.,1.,0.));
#4551=DIRECTION('',(-1.,0.,0.));
#4552=DIRECTION('',(0.,1.,0.));
#4553=DIRECTION('',(0.,1.,0.));
#4554=DIRECTION('',(0.,0.,1.));
#4555=DIRECTION('',(0.,-1.,0.));
#4556=DIRECTION('',(0.,1.,0.));
#4557=DIRECTION('',(-1.,0.,0.));
#4558=DIRECTION('',(0.,1.,0.));
#4559=DIRECTION('',(0.,-0.5,0.866025403784438));
#4560=DIRECTION('',(0.,-0.866025403784438,-0.5));
#4561=DIRECTION('',(1.,0.,0.));
#4562=DIRECTION('',(0.,0.5,-0.866025403784438));
#4563=DIRECTION('',(0.,0.866025403784439,0.5));
#4564=DIRECTION('',(1.,0.,0.));
#4565=DIRECTION('',(1.,0.,0.));
#4566=DIRECTION('',(0.,0.866025403784439,0.5));
#4567=DIRECTION('',(0.,-0.5,0.866025403784439));
#4568=DIRECTION('',(1.,0.,0.));
#4569=DIRECTION('',(0.,-1.,0.));
#4570=CARTESIAN_POINT('',(0.,0.,0.));
#4571=CARTESIAN_POINT('',(0.04935,0.008,0.007));
#4572=CARTESIAN_POINT('',(0.1393,0.008,-0.0406));
#4573=CARTESIAN_POINT('',(0.141,0.008,-0.0406));
#4574=CARTESIAN_POINT('',(-0.0406,0.008,-0.0406));
#4575=CARTESIAN_POINT('',(-0.0389,0.008,-0.0406));
#4576=CARTESIAN_POINT('',(0.076638,0.008,-0.001824));
#4577=CARTESIAN_POINT('',(0.079638,0.008,-0.001824));
#4578=CARTESIAN_POINT('',(0.053778,0.008,-0.001824));
#4579=CARTESIAN_POINT('',(0.056778,0.008,-0.001824));
#4580=CARTESIAN_POINT('',(0.05253,0.008,-0.0232));
#4581=CARTESIAN_POINT('',(0.05253,0.008,-0.0297));
#4582=CARTESIAN_POINT('',(0.05253,0.008,-0.0167));
#4583=CARTESIAN_POINT('',(0.06503,0.008,-0.0297));
#4584=CARTESIAN_POINT('',(0.07753,0.008,-0.0297));
#4585=CARTESIAN_POINT('',(0.07753,0.008,-0.0232));
#4586=CARTESIAN_POINT('',(0.07753,0.008,-0.0167));
#4587=CARTESIAN_POINT('',(0.06503,0.008,-0.0167));
#4588=CARTESIAN_POINT('',(0.07762,0.008,0.02586));
#4589=CARTESIAN_POINT('',(0.08312,0.008,0.02586));
#4590=CARTESIAN_POINT('',(0.05222,0.008,0.02586));
#4591=CARTESIAN_POINT('',(0.05772,0.008,0.02586));
#4592=CARTESIAN_POINT('',(0.,0.008,0.0381));
#4593=CARTESIAN_POINT('',(-0.0381,0.008,0.0381));
#4594=CARTESIAN_POINT('',(0.0381,0.008,0.0381));
#4595=CARTESIAN_POINT('',(-0.0381,0.008,0.));
#4596=CARTESIAN_POINT('',(-0.0381,0.008,-0.0381));
#4597=CARTESIAN_POINT('',(0.,0.008,-0.0381));
#4598=CARTESIAN_POINT('',(0.0381,0.008,-0.0381));
#4599=CARTESIAN_POINT('',(0.0381,0.008,0.));
#4600=CARTESIAN_POINT('',(0.0998,0.008,-2.08166817117217E-17));
#4601=CARTESIAN_POINT('',(0.0998,0.008,-0.0341));
#4602=CARTESIAN_POINT('',(0.0998,0.008,0.0341));
#4603=CARTESIAN_POINT('',(0.1173,0.008,-0.0341));
#4604=CARTESIAN_POINT('',(0.1348,0.008,-0.0341));
#4605=CARTESIAN_POINT('',(0.1348,0.008,-2.08166817117217E-17));
#4606=CARTESIAN_POINT('',(0.1348,0.008,0.0341));
#4607=CARTESIAN_POINT('',(0.1173,0.008,0.0341));
#4608=CARTESIAN_POINT('',(-0.0441,0.008,0.01));
#4609=CARTESIAN_POINT('',(-0.0441,0.008,-0.0381));
#4610=CARTESIAN_POINT('',(-0.0441,0.008,0.056718802153517));
#4611=CARTESIAN_POINT('',(-0.8572,0.008,0.056718802153517));
#4612=CARTESIAN_POINT('',(0.1428,0.008,0.056718802153517));
#4613=CARTESIAN_POINT('',(0.1428,0.008,0.01));
#4614=CARTESIAN_POINT('',(0.1428,0.008,-0.0381));
#4615=CARTESIAN_POINT('',(0.136436038969321,0.008,-0.0377360389693211));
#4616=CARTESIAN_POINT('',(0.1368,0.008,-0.0441));
#4617=CARTESIAN_POINT('',(0.04935,0.008,-0.0441));
#4618=CARTESIAN_POINT('',(-0.0381,0.008,-0.0441));
#4619=CARTESIAN_POINT('',(-0.037736038969321,0.008,-0.037736038969321));
#4620=CARTESIAN_POINT('',(-0.0441,0.003,0.01));
#4621=CARTESIAN_POINT('',(-0.0441,0.00366620188481833,0.0548309511219084));
#4622=CARTESIAN_POINT('',(-0.0441,0.002,0.0592547005383792));
#4623=CARTESIAN_POINT('',(-0.0441,0.003,-0.0381));
#4624=CARTESIAN_POINT('',(-0.0441,0.,-0.0381));
#4625=CARTESIAN_POINT('',(-0.0441,0.,0.01));
#4626=CARTESIAN_POINT('',(-0.0441,0.,0.0534811978464829));
#4627=CARTESIAN_POINT('',(-0.0441,-0.0269473566580556,0.0379231342260056));
#4628=CARTESIAN_POINT('',(-0.0441,-0.0612820323027551,0.0181));
#4629=CARTESIAN_POINT('',(-0.0441,-0.0622820323027551,0.0198320508075688));
#4630=CARTESIAN_POINT('',(-0.0441,-0.0632820323027551,0.0215641016151377));
#4631=CARTESIAN_POINT('',(-0.0441,-0.0306410161513776,0.0404094010767584));
#4632=CARTESIAN_POINT('',(0.1428,0.003,0.01));
#4633=CARTESIAN_POINT('',(0.1428,0.00366620188481833,0.0548309511219084));
#4634=CARTESIAN_POINT('',(0.1428,0.002,0.0592547005383792));
#4635=CARTESIAN_POINT('',(0.1428,-0.0306410161513776,0.0404094010767584));
#4636=CARTESIAN_POINT('',(0.1428,-0.0632820323027551,0.0215641016151377));
#4637=CARTESIAN_POINT('',(0.1428,-0.0622820323027551,0.0198320508075688));
#4638=CARTESIAN_POINT('',(0.1428,-0.0612820323027551,0.0181));
#4639=CARTESIAN_POINT('',(0.1428,-0.0269473566580556,0.0379231342260056));
#4640=CARTESIAN_POINT('',(0.1428,-1.7347234759768E-18,0.0534811978464829));
#4641=CARTESIAN_POINT('',(0.1428,0.,0.01));
#4642=CARTESIAN_POINT('',(0.1428,0.,-0.0381));
#4643=CARTESIAN_POINT('',(0.1428,0.003,-0.0381));
#4644=CARTESIAN_POINT('',(0.04935,0.,0.));
#4645=CARTESIAN_POINT('',(0.0883,0.,0.0381));
#4646=CARTESIAN_POINT('',(0.0398,0.,0.0381));
#4647=CARTESIAN_POINT('',(0.1368,0.,0.0381));
#4648=CARTESIAN_POINT('',(0.1368,0.,-1.38777878078145E-17));
#4649=CARTESIAN_POINT('',(0.1368,0.,-0.0381));
#4650=CARTESIAN_POINT('',(0.0883,0.,-0.0381));
#4651=CARTESIAN_POINT('',(0.0398,0.,-0.0381));
#4652=CARTESIAN_POINT('',(0.0398,0.,-2.77555756156289E-17));
#4653=CARTESIAN_POINT('',(-0.035075,0.,-0.035075));
#4654=CARTESIAN_POINT('',(-0.035075,0.,-0.035575));
#4655=CARTESIAN_POINT('',(-0.035575,0.,-0.035075));
#4656=CARTESIAN_POINT('',(-0.035575,0.,-0.028575));
#4657=CARTESIAN_POINT('',(-0.035575,0.,-0.022075));
#4658=CARTESIAN_POINT('',(-0.035075,0.,-0.022075));
#4659=CARTESIAN_POINT('',(-0.035075,0.,-0.021575));
#4660=CARTESIAN_POINT('',(-0.028575,0.,-0.021575));
#4661=CARTESIAN_POINT('',(-0.022075,0.,-0.021575));
#4662=CARTESIAN_POINT('',(-0.022075,0.,-0.022075));
#4663=CARTESIAN_POINT('',(-0.021575,0.,-0.022075));
#4664=CARTESIAN_POINT('',(-0.021575,0.,-0.028575));
#4665=CARTESIAN_POINT('',(-0.021575,0.,-0.035075));
#4666=CARTESIAN_POINT('',(-0.022075,0.,-0.035075));
#4667=CARTESIAN_POINT('',(-0.022075,0.,-0.035575));
#4668=CARTESIAN_POINT('',(-0.028575,0.,-0.035575));
#4669=CARTESIAN_POINT('',(-0.016025,0.,-0.035075));
#4670=CARTESIAN_POINT('',(-0.016025,0.,-0.035575));
#4671=CARTESIAN_POINT('',(-0.016525,0.,-0.035075));
#4672=CARTESIAN_POINT('',(-0.016525,0.,-0.028575));
#4673=CARTESIAN_POINT('',(-0.016525,0.,-0.022075));
#4674=CARTESIAN_POINT('',(-0.016025,0.,-0.022075));
#4675=CARTESIAN_POINT('',(-0.016025,0.,-0.021575));
#4676=CARTESIAN_POINT('',(-0.009525,0.,-0.021575));
#4677=CARTESIAN_POINT('',(-0.003025,0.,-0.021575));
#4678=CARTESIAN_POINT('',(-0.003025,0.,-0.022075));
#4679=CARTESIAN_POINT('',(-0.002525,0.,-0.022075));
#4680=CARTESIAN_POINT('',(-0.002525,0.,-0.028575));
#4681=CARTESIAN_POINT('',(-0.002525,0.,-0.035075));
#4682=CARTESIAN_POINT('',(-0.003025,0.,-0.035075));
#4683=CARTESIAN_POINT('',(-0.003025,0.,-0.035575));
#4684=CARTESIAN_POINT('',(-0.009525,0.,-0.035575));
#4685=CARTESIAN_POINT('',(0.003025,0.,-0.035075));
#4686=CARTESIAN_POINT('',(0.003025,0.,-0.035575));
#4687=CARTESIAN_POINT('',(0.002525,0.,-0.035075));
#4688=CARTESIAN_POINT('',(0.002525,0.,-0.028575));
#4689=CARTESIAN_POINT('',(0.002525,0.,-0.022075));
#4690=CARTESIAN_POINT('',(0.003025,0.,-0.022075));
#4691=CARTESIAN_POINT('',(0.003025,0.,-0.021575));
#4692=CARTESIAN_POINT('',(0.009525,0.,-0.021575));
#4693=CARTESIAN_POINT('',(0.016025,0.,-0.021575));
#4694=CARTESIAN_POINT('',(0.016025,0.,-0.022075));
#4695=CARTESIAN_POINT('',(0.016525,0.,-0.022075));
#4696=CARTESIAN_POINT('',(0.016525,0.,-0.028575));
#4697=CARTESIAN_POINT('',(0.016525,0.,-0.035075));
#4698=CARTESIAN_POINT('',(0.016025,0.,-0.035075));
#4699=CARTESIAN_POINT('',(0.016025,0.,-0.035575));
#4700=CARTESIAN_POINT('',(0.009525,0.,-0.035575));
#4701=CARTESIAN_POINT('',(0.022075,0.,-0.035075));
#4702=CARTESIAN_POINT('',(0.022075,0.,-0.035575));
#4703=CARTESIAN_POINT('',(0.021575,0.,-0.035075));
#4704=CARTESIAN_POINT('',(0.021575,0.,-0.028575));
#4705=CARTESIAN_POINT('',(0.021575,0.,-0.022075));
#4706=CARTESIAN_POINT('',(0.022075,0.,-0.022075));
#4707=CARTESIAN_POINT('',(0.022075,0.,-0.021575));
#4708=CARTESIAN_POINT('',(0.028575,0.,-0.021575));
#4709=CARTESIAN_POINT('',(0.035075,0.,-0.021575));
#4710=CARTESIAN_POINT('',(0.035075,0.,-0.022075));
#4711=CARTESIAN_POINT('',(0.035575,0.,-0.022075));
#4712=CARTESIAN_POINT('',(0.035575,0.,-0.028575));
#4713=CARTESIAN_POINT('',(0.035575,0.,-0.035075));
#4714=CARTESIAN_POINT('',(0.035075,0.,-0.035075));
#4715=CARTESIAN_POINT('',(0.035075,0.,-0.035575));
#4716=CARTESIAN_POINT('',(0.028575,0.,-0.035575));
#4717=CARTESIAN_POINT('',(-0.035075,0.,-0.016025));
#4718=CARTESIAN_POINT('',(-0.035075,0.,-0.016525));
#4719=CARTESIAN_POINT('',(-0.035575,0.,-0.016025));
#4720=CARTESIAN_POINT('',(-0.035575,0.,-0.009525));
#4721=CARTESIAN_POINT('',(-0.035575,0.,-0.003025));
#4722=CARTESIAN_POINT('',(-0.035075,0.,-0.003025));
#4723=CARTESIAN_POINT('',(-0.035075,0.,-0.002525));
#4724=CARTESIAN_POINT('',(-0.028575,0.,-0.002525));
#4725=CARTESIAN_POINT('',(-0.022075,0.,-0.002525));
#4726=CARTESIAN_POINT('',(-0.022075,0.,-0.003025));
#4727=CARTESIAN_POINT('',(-0.021575,0.,-0.003025));
#4728=CARTESIAN_POINT('',(-0.021575,0.,-0.009525));
#4729=CARTESIAN_POINT('',(-0.021575,0.,-0.016025));
#4730=CARTESIAN_POINT('',(-0.022075,0.,-0.016025));
#4731=CARTESIAN_POINT('',(-0.022075,0.,-0.016525));
#4732=CARTESIAN_POINT('',(-0.028575,0.,-0.016525));
#4733=CARTESIAN_POINT('',(-0.016025,0.,-0.016025));
#4734=CARTESIAN_POINT('',(-0.016025,0.,-0.016525));
#4735=CARTESIAN_POINT('',(-0.016525,0.,-0.016025));
#4736=CARTESIAN_POINT('',(-0.016525,0.,-0.009525));
#4737=CARTESIAN_POINT('',(-0.016525,0.,-0.003025));
#4738=CARTESIAN_POINT('',(-0.016025,0.,-0.003025));
#4739=CARTESIAN_POINT('',(-0.016025,0.,-0.002525));
#4740=CARTESIAN_POINT('',(-0.009525,0.,-0.002525));
#4741=CARTESIAN_POINT('',(-0.003025,0.,-0.002525));
#4742=CARTESIAN_POINT('',(-0.003025,0.,-0.003025));
#4743=CARTESIAN_POINT('',(-0.002525,0.,-0.003025));
#4744=CARTESIAN_POINT('',(-0.002525,0.,-0.009525));
#4745=CARTESIAN_POINT('',(-0.002525,0.,-0.016025));
#4746=CARTESIAN_POINT('',(-0.003025,0.,-0.016025));
#4747=CARTESIAN_POINT('',(-0.003025,0.,-0.016525));
#4748=CARTESIAN_POINT('',(-0.009525,0.,-0.016525));
#4749=CARTESIAN_POINT('',(0.003025,0.,-0.016025));
#4750=CARTESIAN_POINT('',(0.003025,0.,-0.016525));
#4751=CARTESIAN_POINT('',(0.002525,0.,-0.016025));
#4752=CARTESIAN_POINT('',(0.002525,0.,-0.009525));
#4753=CARTESIAN_POINT('',(0.002525,0.,-0.003025));
#4754=CARTESIAN_POINT('',(0.003025,0.,-0.003025));
#4755=CARTESIAN_POINT('',(0.003025,0.,-0.002525));
#4756=CARTESIAN_POINT('',(0.009525,0.,-0.002525));
#4757=CARTESIAN_POINT('',(0.016025,0.,-0.002525));
#4758=CARTESIAN_POINT('',(0.016025,0.,-0.003025));
#4759=CARTESIAN_POINT('',(0.016525,0.,-0.003025));
#4760=CARTESIAN_POINT('',(0.016525,0.,-0.009525));
#4761=CARTESIAN_POINT('',(0.016525,0.,-0.016025));
#4762=CARTESIAN_POINT('',(0.016025,0.,-0.016025));
#4763=CARTESIAN_POINT('',(0.016025,0.,-0.016525));
#4764=CARTESIAN_POINT('',(0.009525,0.,-0.016525));
#4765=CARTESIAN_POINT('',(0.022075,0.,-0.016025));
#4766=CARTESIAN_POINT('',(0.022075,0.,-0.016525));
#4767=CARTESIAN_POINT('',(0.021575,0.,-0.016025));
#4768=CARTESIAN_POINT('',(0.021575,0.,-0.009525));
#4769=CARTESIAN_POINT('',(0.021575,0.,-0.003025));
#4770=CARTESIAN_POINT('',(0.022075,0.,-0.003025));
#4771=CARTESIAN_POINT('',(0.022075,0.,-0.002525));
#4772=CARTESIAN_POINT('',(0.028575,0.,-0.002525));
#4773=CARTESIAN_POINT('',(0.035075,0.,-0.002525));
#4774=CARTESIAN_POINT('',(0.035075,0.,-0.003025));
#4775=CARTESIAN_POINT('',(0.035575,0.,-0.003025));
#4776=CARTESIAN_POINT('',(0.035575,0.,-0.009525));
#4777=CARTESIAN_POINT('',(0.035575,0.,-0.016025));
#4778=CARTESIAN_POINT('',(0.035075,0.,-0.016025));
#4779=CARTESIAN_POINT('',(0.035075,0.,-0.016525));
#4780=CARTESIAN_POINT('',(0.028575,0.,-0.016525));
#4781=CARTESIAN_POINT('',(-0.035075,0.,0.003025));
#4782=CARTESIAN_POINT('',(-0.035075,0.,0.002525));
#4783=CARTESIAN_POINT('',(-0.035575,0.,0.003025));
#4784=CARTESIAN_POINT('',(-0.035575,0.,0.009525));
#4785=CARTESIAN_POINT('',(-0.035575,0.,0.016025));
#4786=CARTESIAN_POINT('',(-0.035075,0.,0.016025));
#4787=CARTESIAN_POINT('',(-0.035075,0.,0.016525));
#4788=CARTESIAN_POINT('',(-0.028575,0.,0.016525));
#4789=CARTESIAN_POINT('',(-0.022075,0.,0.016525));
#4790=CARTESIAN_POINT('',(-0.022075,0.,0.016025));
#4791=CARTESIAN_POINT('',(-0.021575,0.,0.016025));
#4792=CARTESIAN_POINT('',(-0.021575,0.,0.009525));
#4793=CARTESIAN_POINT('',(-0.021575,0.,0.003025));
#4794=CARTESIAN_POINT('',(-0.022075,0.,0.003025));
#4795=CARTESIAN_POINT('',(-0.022075,0.,0.002525));
#4796=CARTESIAN_POINT('',(-0.028575,0.,0.002525));
#4797=CARTESIAN_POINT('',(-0.016025,0.,0.003025));
#4798=CARTESIAN_POINT('',(-0.016025,0.,0.002525));
#4799=CARTESIAN_POINT('',(-0.016525,0.,0.003025));
#4800=CARTESIAN_POINT('',(-0.016525,0.,0.009525));
#4801=CARTESIAN_POINT('',(-0.016525,0.,0.016025));
#4802=CARTESIAN_POINT('',(-0.016025,0.,0.016025));
#4803=CARTESIAN_POINT('',(-0.016025,0.,0.016525));
#4804=CARTESIAN_POINT('',(-0.009525,0.,0.016525));
#4805=CARTESIAN_POINT('',(-0.003025,0.,0.016525));
#4806=CARTESIAN_POINT('',(-0.003025,0.,0.016025));
#4807=CARTESIAN_POINT('',(-0.002525,0.,0.016025));
#4808=CARTESIAN_POINT('',(-0.002525,0.,0.009525));
#4809=CARTESIAN_POINT('',(-0.002525,0.,0.003025));
#4810=CARTESIAN_POINT('',(-0.003025,0.,0.003025));
#4811=CARTESIAN_POINT('',(-0.003025,0.,0.002525));
#4812=CARTESIAN_POINT('',(-0.009525,0.,0.002525));
#4813=CARTESIAN_POINT('',(0.003025,0.,0.003025));
#4814=CARTESIAN_POINT('',(0.003025,0.,0.002525));
#4815=CARTESIAN_POINT('',(0.002525,0.,0.003025));
#4816=CARTESIAN_POINT('',(0.002525,0.,0.009525));
#4817=CARTESIAN_POINT('',(0.002525,0.,0.016025));
#4818=CARTESIAN_POINT('',(0.003025,0.,0.016025));
#4819=CARTESIAN_POINT('',(0.003025,0.,0.016525));
#4820=CARTESIAN_POINT('',(0.009525,0.,0.016525));
#4821=CARTESIAN_POINT('',(0.016025,0.,0.016525));
#4822=CARTESIAN_POINT('',(0.016025,0.,0.016025));
#4823=CARTESIAN_POINT('',(0.016525,0.,0.016025));
#4824=CARTESIAN_POINT('',(0.016525,0.,0.009525));
#4825=CARTESIAN_POINT('',(0.016525,0.,0.003025));
#4826=CARTESIAN_POINT('',(0.016025,0.,0.003025));
#4827=CARTESIAN_POINT('',(0.016025,0.,0.002525));
#4828=CARTESIAN_POINT('',(0.009525,0.,0.002525));
#4829=CARTESIAN_POINT('',(0.022075,0.,0.003025));
#4830=CARTESIAN_POINT('',(0.022075,0.,0.002525));
#4831=CARTESIAN_POINT('',(0.021575,0.,0.003025));
#4832=CARTESIAN_POINT('',(0.021575,0.,0.009525));
#4833=CARTESIAN_POINT('',(0.021575,0.,0.016025));
#4834=CARTESIAN_POINT('',(0.022075,0.,0.016025));
#4835=CARTESIAN_POINT('',(0.022075,0.,0.016525));
#4836=CARTESIAN_POINT('',(0.028575,0.,0.016525));
#4837=CARTESIAN_POINT('',(0.035075,0.,0.016525));
#4838=CARTESIAN_POINT('',(0.035075,0.,0.016025));
#4839=CARTESIAN_POINT('',(0.035575,0.,0.016025));
#4840=CARTESIAN_POINT('',(0.035575,0.,0.009525));
#4841=CARTESIAN_POINT('',(0.035575,0.,0.003025));
#4842=CARTESIAN_POINT('',(0.035075,0.,0.003025));
#4843=CARTESIAN_POINT('',(0.035075,0.,0.002525));
#4844=CARTESIAN_POINT('',(0.028575,0.,0.002525));
#4845=CARTESIAN_POINT('',(-0.035075,0.,0.022075));
#4846=CARTESIAN_POINT('',(-0.035075,0.,0.021575));
#4847=CARTESIAN_POINT('',(-0.035575,0.,0.022075));
#4848=CARTESIAN_POINT('',(-0.035575,0.,0.028575));
#4849=CARTESIAN_POINT('',(-0.035575,0.,0.035075));
#4850=CARTESIAN_POINT('',(-0.035075,0.,0.035075));
#4851=CARTESIAN_POINT('',(-0.035075,0.,0.035575));
#4852=CARTESIAN_POINT('',(-0.028575,0.,0.035575));
#4853=CARTESIAN_POINT('',(-0.022075,0.,0.035575));
#4854=CARTESIAN_POINT('',(-0.022075,0.,0.035075));
#4855=CARTESIAN_POINT('',(-0.021575,0.,0.035075));
#4856=CARTESIAN_POINT('',(-0.021575,0.,0.028575));
#4857=CARTESIAN_POINT('',(-0.021575,0.,0.022075));
#4858=CARTESIAN_POINT('',(-0.022075,0.,0.022075));
#4859=CARTESIAN_POINT('',(-0.022075,0.,0.021575));
#4860=CARTESIAN_POINT('',(-0.028575,0.,0.021575));
#4861=CARTESIAN_POINT('',(-0.016025,0.,0.022075));
#4862=CARTESIAN_POINT('',(-0.016025,0.,0.021575));
#4863=CARTESIAN_POINT('',(-0.016525,0.,0.022075));
#4864=CARTESIAN_POINT('',(-0.016525,0.,0.028575));
#4865=CARTESIAN_POINT('',(-0.016525,0.,0.035075));
#4866=CARTESIAN_POINT('',(-0.016025,0.,0.035075));
#4867=CARTESIAN_POINT('',(-0.016025,0.,0.035575));
#4868=CARTESIAN_POINT('',(-0.009525,0.,0.035575));
#4869=CARTESIAN_POINT('',(-0.003025,0.,0.035575));
#4870=CARTESIAN_POINT('',(-0.003025,0.,0.035075));
#4871=CARTESIAN_POINT('',(-0.002525,0.,0.035075));
#4872=CARTESIAN_POINT('',(-0.002525,0.,0.028575));
#4873=CARTESIAN_POINT('',(-0.002525,0.,0.022075));
#4874=CARTESIAN_POINT('',(-0.003025,0.,0.022075));
#4875=CARTESIAN_POINT('',(-0.003025,0.,0.021575));
#4876=CARTESIAN_POINT('',(-0.009525,0.,0.021575));
#4877=CARTESIAN_POINT('',(0.003025,0.,0.022075));
#4878=CARTESIAN_POINT('',(0.003025,0.,0.021575));
#4879=CARTESIAN_POINT('',(0.002525,0.,0.022075));
#4880=CARTESIAN_POINT('',(0.002525,0.,0.028575));
#4881=CARTESIAN_POINT('',(0.002525,0.,0.035075));
#4882=CARTESIAN_POINT('',(0.003025,0.,0.035075));
#4883=CARTESIAN_POINT('',(0.003025,0.,0.035575));
#4884=CARTESIAN_POINT('',(0.009525,0.,0.035575));
#4885=CARTESIAN_POINT('',(0.016025,0.,0.035575));
#4886=CARTESIAN_POINT('',(0.016025,0.,0.035075));
#4887=CARTESIAN_POINT('',(0.016525,0.,0.035075));
#4888=CARTESIAN_POINT('',(0.016525,0.,0.028575));
#4889=CARTESIAN_POINT('',(0.016525,0.,0.022075));
#4890=CARTESIAN_POINT('',(0.016025,0.,0.022075));
#4891=CARTESIAN_POINT('',(0.016025,0.,0.021575));
#4892=CARTESIAN_POINT('',(0.009525,0.,0.021575));
#4893=CARTESIAN_POINT('',(0.022075,0.,0.022075));
#4894=CARTESIAN_POINT('',(0.022075,0.,0.021575));
#4895=CARTESIAN_POINT('',(0.021575,0.,0.022075));
#4896=CARTESIAN_POINT('',(0.021575,0.,0.028575));
#4897=CARTESIAN_POINT('',(0.021575,0.,0.035075));
#4898=CARTESIAN_POINT('',(0.022075,0.,0.035075));
#4899=CARTESIAN_POINT('',(0.022075,0.,0.035575));
#4900=CARTESIAN_POINT('',(0.028575,0.,0.035575));
#4901=CARTESIAN_POINT('',(0.035075,0.,0.035575));
#4902=CARTESIAN_POINT('',(0.035075,0.,0.035075));
#4903=CARTESIAN_POINT('',(0.035575,0.,0.035075));
#4904=CARTESIAN_POINT('',(0.035575,0.,0.028575));
#4905=CARTESIAN_POINT('',(0.035575,0.,0.022075));
#4906=CARTESIAN_POINT('',(0.035075,0.,0.022075));
#4907=CARTESIAN_POINT('',(0.035075,0.,0.021575));
#4908=CARTESIAN_POINT('',(0.028575,0.,0.021575));
#4909=CARTESIAN_POINT('',(-0.0406,0.,-0.0406));
#4910=CARTESIAN_POINT('',(-0.0389,0.,-0.0406));
#4911=CARTESIAN_POINT('',(0.1393,0.,-0.0406));
#4912=CARTESIAN_POINT('',(0.141,0.,-0.0406));
#4913=CARTESIAN_POINT('',(-0.0441,-1.7347234759768E-18,0.0534811978464829));
#4914=CARTESIAN_POINT('',(-0.037736038969321,0.,-0.037736038969321));
#4915=CARTESIAN_POINT('',(-0.0381,0.,-0.0441));
#4916=CARTESIAN_POINT('',(0.04935,0.,-0.0441));
#4917=CARTESIAN_POINT('',(0.1368,0.,-0.0441));
#4918=CARTESIAN_POINT('',(0.136436038969321,0.,-0.0377360389693211));
#4919=CARTESIAN_POINT('',(0.04935,0.006,0.007));
#4920=CARTESIAN_POINT('',(0.076638,0.006,-0.001824));
#4921=CARTESIAN_POINT('',(0.073638,0.006,-0.001824));
#4922=CARTESIAN_POINT('',(0.053778,0.006,-0.001824));
#4923=CARTESIAN_POINT('',(0.050778,0.006,-0.001824));
#4924=CARTESIAN_POINT('',(0.06503,0.006,-0.0167));
#4925=CARTESIAN_POINT('',(0.07753,0.006,-0.0167));
#4926=CARTESIAN_POINT('',(0.05253,0.006,-0.0167));
#4927=CARTESIAN_POINT('',(0.07753,0.006,-0.0232));
#4928=CARTESIAN_POINT('',(0.07753,0.006,-0.0297));
#4929=CARTESIAN_POINT('',(0.06503,0.006,-0.0297));
#4930=CARTESIAN_POINT('',(0.05253,0.006,-0.0297));
#4931=CARTESIAN_POINT('',(0.05253,0.006,-0.0232));
#4932=CARTESIAN_POINT('',(0.05222,0.006,0.02586));
#4933=CARTESIAN_POINT('',(0.04672,0.006,0.02586));
#4934=CARTESIAN_POINT('',(0.07762,0.006,0.02586));
#4935=CARTESIAN_POINT('',(0.07212,0.006,0.02586));
#4936=CARTESIAN_POINT('',(0.0883,0.006,0.0381));
#4937=CARTESIAN_POINT('',(0.0398,0.006,0.0381));
#4938=CARTESIAN_POINT('',(0.1368,0.006,0.0381));
#4939=CARTESIAN_POINT('',(0.0398,0.006,-2.77555756156289E-17));
#4940=CARTESIAN_POINT('',(0.0398,0.006,-0.0381));
#4941=CARTESIAN_POINT('',(0.0883,0.006,-0.0381));
#4942=CARTESIAN_POINT('',(0.1368,0.006,-0.0381));
#4943=CARTESIAN_POINT('',(0.1368,0.006,-1.38777878078145E-17));
#4944=CARTESIAN_POINT('',(0.1348,0.006,0.007));
#4945=CARTESIAN_POINT('',(0.1348,0.006,0.0341));
#4946=CARTESIAN_POINT('',(0.1348,0.006,-0.0341));
#4947=CARTESIAN_POINT('',(0.04935,0.006,-0.0341));
#4948=CARTESIAN_POINT('',(0.0998,0.006,-0.0341));
#4949=CARTESIAN_POINT('',(0.0998,0.006,0.007));
#4950=CARTESIAN_POINT('',(0.0998,0.006,0.0341));
#4951=CARTESIAN_POINT('',(0.04935,0.006,0.0341));
#4952=CARTESIAN_POINT('',(0.05253,0.003,-0.0232));
#4953=CARTESIAN_POINT('',(0.05253,0.003,-0.0167));
#4954=CARTESIAN_POINT('',(0.05253,0.003,-0.0297));
#4955=CARTESIAN_POINT('',(0.06503,0.003,-0.0297));
#4956=CARTESIAN_POINT('',(0.07753,0.003,-0.0297));
#4957=CARTESIAN_POINT('',(0.07753,0.003,-0.0232));
#4958=CARTESIAN_POINT('',(0.07753,0.003,-0.0167));
#4959=CARTESIAN_POINT('',(0.076638,0.003,-0.001824));
#4960=CARTESIAN_POINT('',(0.053778,0.003,-0.001824));
#4961=CARTESIAN_POINT('',(0.06503,0.003,-0.0167));
#4962=CARTESIAN_POINT('',(0.05222,0.008,0.02586));
#4963=CARTESIAN_POINT('',(0.07762,0.008,0.02586));
#4964=CARTESIAN_POINT('',(0.022075,0.003,0.022075));
#4965=CARTESIAN_POINT('',(0.022075,0.003,0.021575));
#4966=CARTESIAN_POINT('',(0.022075,0.003,0.021575));
#4967=CARTESIAN_POINT('',(0.022075,0.003,0.022075));
#4968=CARTESIAN_POINT('',(0.021575,0.003,0.022075));
#4969=CARTESIAN_POINT('',(0.021575,0.003,0.022075));
#4970=CARTESIAN_POINT('',(0.028575,0.003,0.021575));
#4971=CARTESIAN_POINT('',(0.035075,0.003,0.021575));
#4972=CARTESIAN_POINT('',(0.035075,0.003,0.021575));
#4973=CARTESIAN_POINT('',(0.028575,0.003,0.021575));
#4974=CARTESIAN_POINT('',(0.035075,0.003,0.022075));
#4975=CARTESIAN_POINT('',(0.035575,0.003,0.022075));
#4976=CARTESIAN_POINT('',(0.035575,0.003,0.022075));
#4977=CARTESIAN_POINT('',(0.035075,0.003,0.022075));
#4978=CARTESIAN_POINT('',(0.035575,0.003,0.028575));
#4979=CARTESIAN_POINT('',(0.035575,0.003,0.035075));
#4980=CARTESIAN_POINT('',(0.035575,0.003,0.035075));
#4981=CARTESIAN_POINT('',(0.035575,0.003,0.028575));
#4982=CARTESIAN_POINT('',(0.035075,0.003,0.035075));
#4983=CARTESIAN_POINT('',(0.035075,0.003,0.035575));
#4984=CARTESIAN_POINT('',(0.035075,0.003,0.035575));
#4985=CARTESIAN_POINT('',(0.035075,0.003,0.035075));
#4986=CARTESIAN_POINT('',(0.028575,0.003,0.035575));
#4987=CARTESIAN_POINT('',(0.022075,0.003,0.035575));
#4988=CARTESIAN_POINT('',(0.022075,0.003,0.035575));
#4989=CARTESIAN_POINT('',(0.028575,0.003,0.035575));
#4990=CARTESIAN_POINT('',(0.022075,0.003,0.035075));
#4991=CARTESIAN_POINT('',(0.021575,0.003,0.035075));
#4992=CARTESIAN_POINT('',(0.021575,0.003,0.035075));
#4993=CARTESIAN_POINT('',(0.022075,0.003,0.035075));
#4994=CARTESIAN_POINT('',(0.003025,0.003,0.022075));
#4995=CARTESIAN_POINT('',(0.003025,0.003,0.021575));
#4996=CARTESIAN_POINT('',(0.003025,0.003,0.021575));
#4997=CARTESIAN_POINT('',(0.003025,0.003,0.022075));
#4998=CARTESIAN_POINT('',(0.002525,0.003,0.022075));
#4999=CARTESIAN_POINT('',(0.002525,0.003,0.022075));
#5000=CARTESIAN_POINT('',(0.009525,0.003,0.021575));
#5001=CARTESIAN_POINT('',(0.016025,0.003,0.021575));
#5002=CARTESIAN_POINT('',(0.016025,0.003,0.021575));
#5003=CARTESIAN_POINT('',(0.009525,0.003,0.021575));
#5004=CARTESIAN_POINT('',(0.016025,0.003,0.022075));
#5005=CARTESIAN_POINT('',(0.016525,0.003,0.022075));
#5006=CARTESIAN_POINT('',(0.016525,0.003,0.022075));
#5007=CARTESIAN_POINT('',(0.016025,0.003,0.022075));
#5008=CARTESIAN_POINT('',(0.016525,0.003,0.028575));
#5009=CARTESIAN_POINT('',(0.016525,0.003,0.035075));
#5010=CARTESIAN_POINT('',(0.016525,0.003,0.035075));
#5011=CARTESIAN_POINT('',(0.016525,0.003,0.028575));
#5012=CARTESIAN_POINT('',(0.016025,0.003,0.035075));
#5013=CARTESIAN_POINT('',(0.016025,0.003,0.035575));
#5014=CARTESIAN_POINT('',(0.016025,0.003,0.035575));
#5015=CARTESIAN_POINT('',(0.016025,0.003,0.035075));
#5016=CARTESIAN_POINT('',(0.009525,0.003,0.035575));
#5017=CARTESIAN_POINT('',(0.003025,0.003,0.035575));
#5018=CARTESIAN_POINT('',(0.003025,0.003,0.035575));
#5019=CARTESIAN_POINT('',(0.009525,0.003,0.035575));
#5020=CARTESIAN_POINT('',(0.003025,0.003,0.035075));
#5021=CARTESIAN_POINT('',(0.002525,0.003,0.035075));
#5022=CARTESIAN_POINT('',(0.002525,0.003,0.035075));
#5023=CARTESIAN_POINT('',(0.003025,0.003,0.035075));
#5024=CARTESIAN_POINT('',(-0.016025,0.003,0.022075));
#5025=CARTESIAN_POINT('',(-0.016025,0.003,0.021575));
#5026=CARTESIAN_POINT('',(-0.016025,0.003,0.021575));
#5027=CARTESIAN_POINT('',(-0.016025,0.003,0.022075));
#5028=CARTESIAN_POINT('',(-0.016525,0.003,0.022075));
#5029=CARTESIAN_POINT('',(-0.016525,0.003,0.022075));
#5030=CARTESIAN_POINT('',(-0.009525,0.003,0.021575));
#5031=CARTESIAN_POINT('',(-0.003025,0.003,0.021575));
#5032=CARTESIAN_POINT('',(-0.003025,0.003,0.021575));
#5033=CARTESIAN_POINT('',(-0.009525,0.003,0.021575));
#5034=CARTESIAN_POINT('',(-0.003025,0.003,0.022075));
#5035=CARTESIAN_POINT('',(-0.002525,0.003,0.022075));
#5036=CARTESIAN_POINT('',(-0.002525,0.003,0.022075));
#5037=CARTESIAN_POINT('',(-0.003025,0.003,0.022075));
#5038=CARTESIAN_POINT('',(-0.002525,0.003,0.028575));
#5039=CARTESIAN_POINT('',(-0.002525,0.003,0.035075));
#5040=CARTESIAN_POINT('',(-0.002525,0.003,0.035075));
#5041=CARTESIAN_POINT('',(-0.002525,0.003,0.028575));
#5042=CARTESIAN_POINT('',(-0.003025,0.003,0.035075));
#5043=CARTESIAN_POINT('',(-0.003025,0.003,0.035575));
#5044=CARTESIAN_POINT('',(-0.003025,0.003,0.035575));
#5045=CARTESIAN_POINT('',(-0.003025,0.003,0.035075));
#5046=CARTESIAN_POINT('',(-0.009525,0.003,0.035575));
#5047=CARTESIAN_POINT('',(-0.016025,0.003,0.035575));
#5048=CARTESIAN_POINT('',(-0.016025,0.003,0.035575));
#5049=CARTESIAN_POINT('',(-0.009525,0.003,0.035575));
#5050=CARTESIAN_POINT('',(-0.016025,0.003,0.035075));
#5051=CARTESIAN_POINT('',(-0.016525,0.003,0.035075));
#5052=CARTESIAN_POINT('',(-0.016525,0.003,0.035075));
#5053=CARTESIAN_POINT('',(-0.016025,0.003,0.035075));
#5054=CARTESIAN_POINT('',(-0.035075,0.003,0.022075));
#5055=CARTESIAN_POINT('',(-0.035075,0.003,0.021575));
#5056=CARTESIAN_POINT('',(-0.035075,0.003,0.021575));
#5057=CARTESIAN_POINT('',(-0.035075,0.003,0.022075));
#5058=CARTESIAN_POINT('',(-0.035575,0.003,0.022075));
#5059=CARTESIAN_POINT('',(-0.035575,0.003,0.022075));
#5060=CARTESIAN_POINT('',(-0.028575,0.003,0.021575));
#5061=CARTESIAN_POINT('',(-0.022075,0.003,0.021575));
#5062=CARTESIAN_POINT('',(-0.022075,0.003,0.021575));
#5063=CARTESIAN_POINT('',(-0.028575,0.003,0.021575));
#5064=CARTESIAN_POINT('',(-0.022075,0.003,0.022075));
#5065=CARTESIAN_POINT('',(-0.021575,0.003,0.022075));
#5066=CARTESIAN_POINT('',(-0.021575,0.003,0.022075));
#5067=CARTESIAN_POINT('',(-0.022075,0.003,0.022075));
#5068=CARTESIAN_POINT('',(-0.021575,0.003,0.028575));
#5069=CARTESIAN_POINT('',(-0.021575,0.003,0.035075));
#5070=CARTESIAN_POINT('',(-0.021575,0.003,0.035075));
#5071=CARTESIAN_POINT('',(-0.021575,0.003,0.028575));
#5072=CARTESIAN_POINT('',(-0.022075,0.003,0.035075));
#5073=CARTESIAN_POINT('',(-0.022075,0.003,0.035575));
#5074=CARTESIAN_POINT('',(-0.022075,0.003,0.035575));
#5075=CARTESIAN_POINT('',(-0.022075,0.003,0.035075));
#5076=CARTESIAN_POINT('',(-0.028575,0.003,0.035575));
#5077=CARTESIAN_POINT('',(-0.035075,0.003,0.035575));
#5078=CARTESIAN_POINT('',(-0.035075,0.003,0.035575));
#5079=CARTESIAN_POINT('',(-0.028575,0.003,0.035575));
#5080=CARTESIAN_POINT('',(-0.035075,0.003,0.035075));
#5081=CARTESIAN_POINT('',(-0.035575,0.003,0.035075));
#5082=CARTESIAN_POINT('',(-0.035575,0.003,0.035075));
#5083=CARTESIAN_POINT('',(-0.035075,0.003,0.035075));
#5084=CARTESIAN_POINT('',(0.022075,0.003,0.003025));
#5085=CARTESIAN_POINT('',(0.022075,0.003,0.002525));
#5086=CARTESIAN_POINT('',(0.022075,0.003,0.002525));
#5087=CARTESIAN_POINT('',(0.022075,0.003,0.003025));
#5088=CARTESIAN_POINT('',(0.021575,0.003,0.003025));
#5089=CARTESIAN_POINT('',(0.021575,0.003,0.003025));
#5090=CARTESIAN_POINT('',(0.028575,0.003,0.002525));
#5091=CARTESIAN_POINT('',(0.035075,0.003,0.002525));
#5092=CARTESIAN_POINT('',(0.035075,0.003,0.002525));
#5093=CARTESIAN_POINT('',(0.028575,0.003,0.002525));
#5094=CARTESIAN_POINT('',(0.035075,0.003,0.003025));
#5095=CARTESIAN_POINT('',(0.035575,0.003,0.003025));
#5096=CARTESIAN_POINT('',(0.035575,0.003,0.003025));
#5097=CARTESIAN_POINT('',(0.035075,0.003,0.003025));
#5098=CARTESIAN_POINT('',(0.035575,0.003,0.009525));
#5099=CARTESIAN_POINT('',(0.035575,0.003,0.016025));
#5100=CARTESIAN_POINT('',(0.035575,0.003,0.016025));
#5101=CARTESIAN_POINT('',(0.035575,0.003,0.009525));
#5102=CARTESIAN_POINT('',(0.035075,0.003,0.016025));
#5103=CARTESIAN_POINT('',(0.035075,0.003,0.016525));
#5104=CARTESIAN_POINT('',(0.035075,0.003,0.016525));
#5105=CARTESIAN_POINT('',(0.035075,0.003,0.016025));
#5106=CARTESIAN_POINT('',(0.028575,0.003,0.016525));
#5107=CARTESIAN_POINT('',(0.022075,0.003,0.016525));
#5108=CARTESIAN_POINT('',(0.022075,0.003,0.016525));
#5109=CARTESIAN_POINT('',(0.028575,0.003,0.016525));
#5110=CARTESIAN_POINT('',(0.022075,0.003,0.016025));
#5111=CARTESIAN_POINT('',(0.021575,0.003,0.016025));
#5112=CARTESIAN_POINT('',(0.021575,0.003,0.016025));
#5113=CARTESIAN_POINT('',(0.022075,0.003,0.016025));
#5114=CARTESIAN_POINT('',(0.003025,0.003,0.003025));
#5115=CARTESIAN_POINT('',(0.003025,0.003,0.002525));
#5116=CARTESIAN_POINT('',(0.003025,0.003,0.002525));
#5117=CARTESIAN_POINT('',(0.003025,0.003,0.003025));
#5118=CARTESIAN_POINT('',(0.002525,0.003,0.003025));
#5119=CARTESIAN_POINT('',(0.002525,0.003,0.003025));
#5120=CARTESIAN_POINT('',(0.009525,0.003,0.002525));
#5121=CARTESIAN_POINT('',(0.016025,0.003,0.002525));
#5122=CARTESIAN_POINT('',(0.016025,0.003,0.002525));
#5123=CARTESIAN_POINT('',(0.009525,0.003,0.002525));
#5124=CARTESIAN_POINT('',(0.016025,0.003,0.003025));
#5125=CARTESIAN_POINT('',(0.016525,0.003,0.003025));
#5126=CARTESIAN_POINT('',(0.016525,0.003,0.003025));
#5127=CARTESIAN_POINT('',(0.016025,0.003,0.003025));
#5128=CARTESIAN_POINT('',(0.016525,0.003,0.009525));
#5129=CARTESIAN_POINT('',(0.016525,0.003,0.016025));
#5130=CARTESIAN_POINT('',(0.016525,0.003,0.016025));
#5131=CARTESIAN_POINT('',(0.016525,0.003,0.009525));
#5132=CARTESIAN_POINT('',(0.016025,0.003,0.016025));
#5133=CARTESIAN_POINT('',(0.016025,0.003,0.016525));
#5134=CARTESIAN_POINT('',(0.016025,0.003,0.016525));
#5135=CARTESIAN_POINT('',(0.016025,0.003,0.016025));
#5136=CARTESIAN_POINT('',(0.009525,0.003,0.016525));
#5137=CARTESIAN_POINT('',(0.003025,0.003,0.016525));
#5138=CARTESIAN_POINT('',(0.003025,0.003,0.016525));
#5139=CARTESIAN_POINT('',(0.009525,0.003,0.016525));
#5140=CARTESIAN_POINT('',(0.003025,0.003,0.016025));
#5141=CARTESIAN_POINT('',(0.002525,0.003,0.016025));
#5142=CARTESIAN_POINT('',(0.002525,0.003,0.016025));
#5143=CARTESIAN_POINT('',(0.003025,0.003,0.016025));
#5144=CARTESIAN_POINT('',(-0.016025,0.003,0.003025));
#5145=CARTESIAN_POINT('',(-0.016025,0.003,0.002525));
#5146=CARTESIAN_POINT('',(-0.016025,0.003,0.002525));
#5147=CARTESIAN_POINT('',(-0.016025,0.003,0.003025));
#5148=CARTESIAN_POINT('',(-0.016525,0.003,0.003025));
#5149=CARTESIAN_POINT('',(-0.016525,0.003,0.003025));
#5150=CARTESIAN_POINT('',(-0.009525,0.003,0.002525));
#5151=CARTESIAN_POINT('',(-0.003025,0.003,0.002525));
#5152=CARTESIAN_POINT('',(-0.003025,0.003,0.002525));
#5153=CARTESIAN_POINT('',(-0.009525,0.003,0.002525));
#5154=CARTESIAN_POINT('',(-0.003025,0.003,0.003025));
#5155=CARTESIAN_POINT('',(-0.002525,0.003,0.003025));
#5156=CARTESIAN_POINT('',(-0.002525,0.003,0.003025));
#5157=CARTESIAN_POINT('',(-0.003025,0.003,0.003025));
#5158=CARTESIAN_POINT('',(-0.002525,0.003,0.009525));
#5159=CARTESIAN_POINT('',(-0.002525,0.003,0.016025));
#5160=CARTESIAN_POINT('',(-0.002525,0.003,0.016025));
#5161=CARTESIAN_POINT('',(-0.002525,0.003,0.009525));
#5162=CARTESIAN_POINT('',(-0.003025,0.003,0.016025));
#5163=CARTESIAN_POINT('',(-0.003025,0.003,0.016525));
#5164=CARTESIAN_POINT('',(-0.003025,0.003,0.016525));
#5165=CARTESIAN_POINT('',(-0.003025,0.003,0.016025));
#5166=CARTESIAN_POINT('',(-0.009525,0.003,0.016525));
#5167=CARTESIAN_POINT('',(-0.016025,0.003,0.016525));
#5168=CARTESIAN_POINT('',(-0.016025,0.003,0.016525));
#5169=CARTESIAN_POINT('',(-0.009525,0.003,0.016525));
#5170=CARTESIAN_POINT('',(-0.016025,0.003,0.016025));
#5171=CARTESIAN_POINT('',(-0.016525,0.003,0.016025));
#5172=CARTESIAN_POINT('',(-0.016525,0.003,0.016025));
#5173=CARTESIAN_POINT('',(-0.016025,0.003,0.016025));
#5174=CARTESIAN_POINT('',(-0.035075,0.003,0.003025));
#5175=CARTESIAN_POINT('',(-0.035075,0.003,0.002525));
#5176=CARTESIAN_POINT('',(-0.035075,0.003,0.002525));
#5177=CARTESIAN_POINT('',(-0.035075,0.003,0.003025));
#5178=CARTESIAN_POINT('',(-0.035575,0.003,0.003025));
#5179=CARTESIAN_POINT('',(-0.035575,0.003,0.003025));
#5180=CARTESIAN_POINT('',(-0.028575,0.003,0.002525));
#5181=CARTESIAN_POINT('',(-0.022075,0.003,0.002525));
#5182=CARTESIAN_POINT('',(-0.022075,0.003,0.002525));
#5183=CARTESIAN_POINT('',(-0.028575,0.003,0.002525));
#5184=CARTESIAN_POINT('',(-0.022075,0.003,0.003025));
#5185=CARTESIAN_POINT('',(-0.021575,0.003,0.003025));
#5186=CARTESIAN_POINT('',(-0.021575,0.003,0.003025));
#5187=CARTESIAN_POINT('',(-0.022075,0.003,0.003025));
#5188=CARTESIAN_POINT('',(-0.021575,0.003,0.009525));
#5189=CARTESIAN_POINT('',(-0.021575,0.003,0.016025));
#5190=CARTESIAN_POINT('',(-0.021575,0.003,0.016025));
#5191=CARTESIAN_POINT('',(-0.021575,0.003,0.009525));
#5192=CARTESIAN_POINT('',(-0.022075,0.003,0.016025));
#5193=CARTESIAN_POINT('',(-0.022075,0.003,0.016525));
#5194=CARTESIAN_POINT('',(-0.022075,0.003,0.016525));
#5195=CARTESIAN_POINT('',(-0.022075,0.003,0.016025));
#5196=CARTESIAN_POINT('',(-0.028575,0.003,0.016525));
#5197=CARTESIAN_POINT('',(-0.035075,0.003,0.016525));
#5198=CARTESIAN_POINT('',(-0.035075,0.003,0.016525));
#5199=CARTESIAN_POINT('',(-0.028575,0.003,0.016525));
#5200=CARTESIAN_POINT('',(-0.035075,0.003,0.016025));
#5201=CARTESIAN_POINT('',(-0.035575,0.003,0.016025));
#5202=CARTESIAN_POINT('',(-0.035575,0.003,0.016025));
#5203=CARTESIAN_POINT('',(-0.035075,0.003,0.016025));
#5204=CARTESIAN_POINT('',(0.022075,0.003,-0.016025));
#5205=CARTESIAN_POINT('',(0.022075,0.003,-0.016525));
#5206=CARTESIAN_POINT('',(0.022075,0.003,-0.016525));
#5207=CARTESIAN_POINT('',(0.022075,0.003,-0.016025));
#5208=CARTESIAN_POINT('',(0.021575,0.003,-0.016025));
#5209=CARTESIAN_POINT('',(0.021575,0.003,-0.016025));
#5210=CARTESIAN_POINT('',(0.028575,0.003,-0.016525));
#5211=CARTESIAN_POINT('',(0.035075,0.003,-0.016525));
#5212=CARTESIAN_POINT('',(0.035075,0.003,-0.016525));
#5213=CARTESIAN_POINT('',(0.028575,0.003,-0.016525));
#5214=CARTESIAN_POINT('',(0.035075,0.003,-0.016025));
#5215=CARTESIAN_POINT('',(0.035575,0.003,-0.016025));
#5216=CARTESIAN_POINT('',(0.035575,0.003,-0.016025));
#5217=CARTESIAN_POINT('',(0.035075,0.003,-0.016025));
#5218=CARTESIAN_POINT('',(0.035575,0.003,-0.009525));
#5219=CARTESIAN_POINT('',(0.035575,0.003,-0.003025));
#5220=CARTESIAN_POINT('',(0.035575,0.003,-0.003025));
#5221=CARTESIAN_POINT('',(0.035575,0.003,-0.009525));
#5222=CARTESIAN_POINT('',(0.035075,0.003,-0.003025));
#5223=CARTESIAN_POINT('',(0.035075,0.003,-0.002525));
#5224=CARTESIAN_POINT('',(0.035075,0.003,-0.002525));
#5225=CARTESIAN_POINT('',(0.035075,0.003,-0.003025));
#5226=CARTESIAN_POINT('',(0.028575,0.003,-0.002525));
#5227=CARTESIAN_POINT('',(0.022075,0.003,-0.002525));
#5228=CARTESIAN_POINT('',(0.022075,0.003,-0.002525));
#5229=CARTESIAN_POINT('',(0.028575,0.003,-0.002525));
#5230=CARTESIAN_POINT('',(0.022075,0.003,-0.003025));
#5231=CARTESIAN_POINT('',(0.021575,0.003,-0.003025));
#5232=CARTESIAN_POINT('',(0.021575,0.003,-0.003025));
#5233=CARTESIAN_POINT('',(0.022075,0.003,-0.003025));
#5234=CARTESIAN_POINT('',(0.003025,0.003,-0.016025));
#5235=CARTESIAN_POINT('',(0.003025,0.003,-0.016525));
#5236=CARTESIAN_POINT('',(0.003025,0.003,-0.016525));
#5237=CARTESIAN_POINT('',(0.003025,0.003,-0.016025));
#5238=CARTESIAN_POINT('',(0.002525,0.003,-0.016025));
#5239=CARTESIAN_POINT('',(0.002525,0.003,-0.016025));
#5240=CARTESIAN_POINT('',(0.009525,0.003,-0.016525));
#5241=CARTESIAN_POINT('',(0.016025,0.003,-0.016525));
#5242=CARTESIAN_POINT('',(0.016025,0.003,-0.016525));
#5243=CARTESIAN_POINT('',(0.009525,0.003,-0.016525));
#5244=CARTESIAN_POINT('',(0.016025,0.003,-0.016025));
#5245=CARTESIAN_POINT('',(0.016525,0.003,-0.016025));
#5246=CARTESIAN_POINT('',(0.016525,0.003,-0.016025));
#5247=CARTESIAN_POINT('',(0.016025,0.003,-0.016025));
#5248=CARTESIAN_POINT('',(0.016525,0.003,-0.009525));
#5249=CARTESIAN_POINT('',(0.016525,0.003,-0.003025));
#5250=CARTESIAN_POINT('',(0.016525,0.003,-0.003025));
#5251=CARTESIAN_POINT('',(0.016525,0.003,-0.009525));
#5252=CARTESIAN_POINT('',(0.016025,0.003,-0.003025));
#5253=CARTESIAN_POINT('',(0.016025,0.003,-0.002525));
#5254=CARTESIAN_POINT('',(0.016025,0.003,-0.002525));
#5255=CARTESIAN_POINT('',(0.016025,0.003,-0.003025));
#5256=CARTESIAN_POINT('',(0.009525,0.003,-0.002525));
#5257=CARTESIAN_POINT('',(0.003025,0.003,-0.002525));
#5258=CARTESIAN_POINT('',(0.003025,0.003,-0.002525));
#5259=CARTESIAN_POINT('',(0.009525,0.003,-0.002525));
#5260=CARTESIAN_POINT('',(0.003025,0.003,-0.003025));
#5261=CARTESIAN_POINT('',(0.002525,0.003,-0.003025));
#5262=CARTESIAN_POINT('',(0.002525,0.003,-0.003025));
#5263=CARTESIAN_POINT('',(0.003025,0.003,-0.003025));
#5264=CARTESIAN_POINT('',(-0.016025,0.003,-0.016025));
#5265=CARTESIAN_POINT('',(-0.016025,0.003,-0.016525));
#5266=CARTESIAN_POINT('',(-0.016025,0.003,-0.016525));
#5267=CARTESIAN_POINT('',(-0.016025,0.003,-0.016025));
#5268=CARTESIAN_POINT('',(-0.016525,0.003,-0.016025));
#5269=CARTESIAN_POINT('',(-0.016525,0.003,-0.016025));
#5270=CARTESIAN_POINT('',(-0.009525,0.003,-0.016525));
#5271=CARTESIAN_POINT('',(-0.003025,0.003,-0.016525));
#5272=CARTESIAN_POINT('',(-0.003025,0.003,-0.016525));
#5273=CARTESIAN_POINT('',(-0.009525,0.003,-0.016525));
#5274=CARTESIAN_POINT('',(-0.003025,0.003,-0.016025));
#5275=CARTESIAN_POINT('',(-0.002525,0.003,-0.016025));
#5276=CARTESIAN_POINT('',(-0.002525,0.003,-0.016025));
#5277=CARTESIAN_POINT('',(-0.003025,0.003,-0.016025));
#5278=CARTESIAN_POINT('',(-0.002525,0.003,-0.009525));
#5279=CARTESIAN_POINT('',(-0.002525,0.003,-0.003025));
#5280=CARTESIAN_POINT('',(-0.002525,0.003,-0.003025));
#5281=CARTESIAN_POINT('',(-0.002525,0.003,-0.009525));
#5282=CARTESIAN_POINT('',(-0.003025,0.003,-0.003025));
#5283=CARTESIAN_POINT('',(-0.003025,0.003,-0.002525));
#5284=CARTESIAN_POINT('',(-0.003025,0.003,-0.002525));
#5285=CARTESIAN_POINT('',(-0.003025,0.003,-0.003025));
#5286=CARTESIAN_POINT('',(-0.009525,0.003,-0.002525));
#5287=CARTESIAN_POINT('',(-0.016025,0.003,-0.002525));
#5288=CARTESIAN_POINT('',(-0.016025,0.003,-0.002525));
#5289=CARTESIAN_POINT('',(-0.009525,0.003,-0.002525));
#5290=CARTESIAN_POINT('',(-0.016025,0.003,-0.003025));
#5291=CARTESIAN_POINT('',(-0.016525,0.003,-0.003025));
#5292=CARTESIAN_POINT('',(-0.016525,0.003,-0.003025));
#5293=CARTESIAN_POINT('',(-0.016025,0.003,-0.003025));
#5294=CARTESIAN_POINT('',(-0.035075,0.003,-0.016025));
#5295=CARTESIAN_POINT('',(-0.035075,0.003,-0.016525));
#5296=CARTESIAN_POINT('',(-0.035075,0.003,-0.016525));
#5297=CARTESIAN_POINT('',(-0.035075,0.003,-0.016025));
#5298=CARTESIAN_POINT('',(-0.035575,0.003,-0.016025));
#5299=CARTESIAN_POINT('',(-0.035575,0.003,-0.016025));
#5300=CARTESIAN_POINT('',(-0.028575,0.003,-0.016525));
#5301=CARTESIAN_POINT('',(-0.022075,0.003,-0.016525));
#5302=CARTESIAN_POINT('',(-0.022075,0.003,-0.016525));
#5303=CARTESIAN_POINT('',(-0.028575,0.003,-0.016525));
#5304=CARTESIAN_POINT('',(-0.022075,0.003,-0.016025));
#5305=CARTESIAN_POINT('',(-0.021575,0.003,-0.016025));
#5306=CARTESIAN_POINT('',(-0.021575,0.003,-0.016025));
#5307=CARTESIAN_POINT('',(-0.022075,0.003,-0.016025));
#5308=CARTESIAN_POINT('',(-0.021575,0.003,-0.009525));
#5309=CARTESIAN_POINT('',(-0.021575,0.003,-0.003025));
#5310=CARTESIAN_POINT('',(-0.021575,0.003,-0.003025));
#5311=CARTESIAN_POINT('',(-0.021575,0.003,-0.009525));
#5312=CARTESIAN_POINT('',(-0.022075,0.003,-0.003025));
#5313=CARTESIAN_POINT('',(-0.022075,0.003,-0.002525));
#5314=CARTESIAN_POINT('',(-0.022075,0.003,-0.002525));
#5315=CARTESIAN_POINT('',(-0.022075,0.003,-0.003025));
#5316=CARTESIAN_POINT('',(-0.028575,0.003,-0.002525));
#5317=CARTESIAN_POINT('',(-0.035075,0.003,-0.002525));
#5318=CARTESIAN_POINT('',(-0.035075,0.003,-0.002525));
#5319=CARTESIAN_POINT('',(-0.028575,0.003,-0.002525));
#5320=CARTESIAN_POINT('',(-0.035075,0.003,-0.003025));
#5321=CARTESIAN_POINT('',(-0.035575,0.003,-0.003025));
#5322=CARTESIAN_POINT('',(-0.035575,0.003,-0.003025));
#5323=CARTESIAN_POINT('',(-0.035075,0.003,-0.003025));
#5324=CARTESIAN_POINT('',(0.022075,0.003,-0.035075));
#5325=CARTESIAN_POINT('',(0.022075,0.003,-0.035575));
#5326=CARTESIAN_POINT('',(0.022075,0.003,-0.035575));
#5327=CARTESIAN_POINT('',(0.022075,0.003,-0.035075));
#5328=CARTESIAN_POINT('',(0.021575,0.003,-0.035075));
#5329=CARTESIAN_POINT('',(0.021575,0.003,-0.035075));
#5330=CARTESIAN_POINT('',(0.028575,0.003,-0.035575));
#5331=CARTESIAN_POINT('',(0.035075,0.003,-0.035575));
#5332=CARTESIAN_POINT('',(0.035075,0.003,-0.035575));
#5333=CARTESIAN_POINT('',(0.028575,0.003,-0.035575));
#5334=CARTESIAN_POINT('',(0.035075,0.003,-0.035075));
#5335=CARTESIAN_POINT('',(0.035575,0.003,-0.035075));
#5336=CARTESIAN_POINT('',(0.035575,0.003,-0.035075));
#5337=CARTESIAN_POINT('',(0.035075,0.003,-0.035075));
#5338=CARTESIAN_POINT('',(0.035575,0.003,-0.028575));
#5339=CARTESIAN_POINT('',(0.035575,0.003,-0.022075));
#5340=CARTESIAN_POINT('',(0.035575,0.003,-0.022075));
#5341=CARTESIAN_POINT('',(0.035575,0.003,-0.028575));
#5342=CARTESIAN_POINT('',(0.035075,0.003,-0.022075));
#5343=CARTESIAN_POINT('',(0.035075,0.003,-0.021575));
#5344=CARTESIAN_POINT('',(0.035075,0.003,-0.021575));
#5345=CARTESIAN_POINT('',(0.035075,0.003,-0.022075));
#5346=CARTESIAN_POINT('',(0.028575,0.003,-0.021575));
#5347=CARTESIAN_POINT('',(0.022075,0.003,-0.021575));
#5348=CARTESIAN_POINT('',(0.022075,0.003,-0.021575));
#5349=CARTESIAN_POINT('',(0.028575,0.003,-0.021575));
#5350=CARTESIAN_POINT('',(0.022075,0.003,-0.022075));
#5351=CARTESIAN_POINT('',(0.021575,0.003,-0.022075));
#5352=CARTESIAN_POINT('',(0.021575,0.003,-0.022075));
#5353=CARTESIAN_POINT('',(0.022075,0.003,-0.022075));
#5354=CARTESIAN_POINT('',(0.003025,0.003,-0.035075));
#5355=CARTESIAN_POINT('',(0.003025,0.003,-0.035575));
#5356=CARTESIAN_POINT('',(0.003025,0.003,-0.035575));
#5357=CARTESIAN_POINT('',(0.003025,0.003,-0.035075));
#5358=CARTESIAN_POINT('',(0.002525,0.003,-0.035075));
#5359=CARTESIAN_POINT('',(0.002525,0.003,-0.035075));
#5360=CARTESIAN_POINT('',(0.009525,0.003,-0.035575));
#5361=CARTESIAN_POINT('',(0.016025,0.003,-0.035575));
#5362=CARTESIAN_POINT('',(0.016025,0.003,-0.035575));
#5363=CARTESIAN_POINT('',(0.009525,0.003,-0.035575));
#5364=CARTESIAN_POINT('',(0.016025,0.003,-0.035075));
#5365=CARTESIAN_POINT('',(0.016525,0.003,-0.035075));
#5366=CARTESIAN_POINT('',(0.016525,0.003,-0.035075));
#5367=CARTESIAN_POINT('',(0.016025,0.003,-0.035075));
#5368=CARTESIAN_POINT('',(0.016525,0.003,-0.028575));
#5369=CARTESIAN_POINT('',(0.016525,0.003,-0.022075));
#5370=CARTESIAN_POINT('',(0.016525,0.003,-0.022075));
#5371=CARTESIAN_POINT('',(0.016525,0.003,-0.028575));
#5372=CARTESIAN_POINT('',(0.016025,0.003,-0.022075));
#5373=CARTESIAN_POINT('',(0.016025,0.003,-0.021575));
#5374=CARTESIAN_POINT('',(0.016025,0.003,-0.021575));
#5375=CARTESIAN_POINT('',(0.016025,0.003,-0.022075));
#5376=CARTESIAN_POINT('',(0.009525,0.003,-0.021575));
#5377=CARTESIAN_POINT('',(0.003025,0.003,-0.021575));
#5378=CARTESIAN_POINT('',(0.003025,0.003,-0.021575));
#5379=CARTESIAN_POINT('',(0.009525,0.003,-0.021575));
#5380=CARTESIAN_POINT('',(0.003025,0.003,-0.022075));
#5381=CARTESIAN_POINT('',(0.002525,0.003,-0.022075));
#5382=CARTESIAN_POINT('',(0.002525,0.003,-0.022075));
#5383=CARTESIAN_POINT('',(0.003025,0.003,-0.022075));
#5384=CARTESIAN_POINT('',(-0.016025,0.003,-0.035075));
#5385=CARTESIAN_POINT('',(-0.016025,0.003,-0.035575));
#5386=CARTESIAN_POINT('',(-0.016025,0.003,-0.035575));
#5387=CARTESIAN_POINT('',(-0.016025,0.003,-0.035075));
#5388=CARTESIAN_POINT('',(-0.016525,0.003,-0.035075));
#5389=CARTESIAN_POINT('',(-0.016525,0.003,-0.035075));
#5390=CARTESIAN_POINT('',(-0.009525,0.003,-0.035575));
#5391=CARTESIAN_POINT('',(-0.003025,0.003,-0.035575));
#5392=CARTESIAN_POINT('',(-0.003025,0.003,-0.035575));
#5393=CARTESIAN_POINT('',(-0.009525,0.003,-0.035575));
#5394=CARTESIAN_POINT('',(-0.003025,0.003,-0.035075));
#5395=CARTESIAN_POINT('',(-0.002525,0.003,-0.035075));
#5396=CARTESIAN_POINT('',(-0.002525,0.003,-0.035075));
#5397=CARTESIAN_POINT('',(-0.003025,0.003,-0.035075));
#5398=CARTESIAN_POINT('',(-0.002525,0.003,-0.028575));
#5399=CARTESIAN_POINT('',(-0.002525,0.003,-0.022075));
#5400=CARTESIAN_POINT('',(-0.002525,0.003,-0.022075));
#5401=CARTESIAN_POINT('',(-0.002525,0.003,-0.028575));
#5402=CARTESIAN_POINT('',(-0.003025,0.003,-0.022075));
#5403=CARTESIAN_POINT('',(-0.003025,0.003,-0.021575));
#5404=CARTESIAN_POINT('',(-0.003025,0.003,-0.021575));
#5405=CARTESIAN_POINT('',(-0.003025,0.003,-0.022075));
#5406=CARTESIAN_POINT('',(-0.009525,0.003,-0.021575));
#5407=CARTESIAN_POINT('',(-0.016025,0.003,-0.021575));
#5408=CARTESIAN_POINT('',(-0.016025,0.003,-0.021575));
#5409=CARTESIAN_POINT('',(-0.009525,0.003,-0.021575));
#5410=CARTESIAN_POINT('',(-0.016025,0.003,-0.022075));
#5411=CARTESIAN_POINT('',(-0.016525,0.003,-0.022075));
#5412=CARTESIAN_POINT('',(-0.016525,0.003,-0.022075));
#5413=CARTESIAN_POINT('',(-0.016025,0.003,-0.022075));
#5414=CARTESIAN_POINT('',(-0.035075,0.003,-0.035075));
#5415=CARTESIAN_POINT('',(-0.035075,0.003,-0.035575));
#5416=CARTESIAN_POINT('',(-0.035075,0.003,-0.035575));
#5417=CARTESIAN_POINT('',(-0.035075,0.003,-0.035075));
#5418=CARTESIAN_POINT('',(-0.035575,0.003,-0.035075));
#5419=CARTESIAN_POINT('',(-0.035575,0.003,-0.035075));
#5420=CARTESIAN_POINT('',(-0.028575,0.003,-0.035575));
#5421=CARTESIAN_POINT('',(-0.022075,0.003,-0.035575));
#5422=CARTESIAN_POINT('',(-0.022075,0.003,-0.035575));
#5423=CARTESIAN_POINT('',(-0.028575,0.003,-0.035575));
#5424=CARTESIAN_POINT('',(-0.022075,0.003,-0.035075));
#5425=CARTESIAN_POINT('',(-0.021575,0.003,-0.035075));
#5426=CARTESIAN_POINT('',(-0.021575,0.003,-0.035075));
#5427=CARTESIAN_POINT('',(-0.022075,0.003,-0.035075));
#5428=CARTESIAN_POINT('',(-0.021575,0.003,-0.028575));
#5429=CARTESIAN_POINT('',(-0.021575,0.003,-0.022075));
#5430=CARTESIAN_POINT('',(-0.021575,0.003,-0.022075));
#5431=CARTESIAN_POINT('',(-0.021575,0.003,-0.028575));
#5432=CARTESIAN_POINT('',(-0.022075,0.003,-0.022075));
#5433=CARTESIAN_POINT('',(-0.022075,0.003,-0.021575));
#5434=CARTESIAN_POINT('',(-0.022075,0.003,-0.021575));
#5435=CARTESIAN_POINT('',(-0.022075,0.003,-0.022075));
#5436=CARTESIAN_POINT('',(-0.028575,0.003,-0.021575));
#5437=CARTESIAN_POINT('',(-0.035075,0.003,-0.021575));
#5438=CARTESIAN_POINT('',(-0.035075,0.003,-0.021575));
#5439=CARTESIAN_POINT('',(-0.028575,0.003,-0.021575));
#5440=CARTESIAN_POINT('',(-0.035075,0.003,-0.022075));
#5441=CARTESIAN_POINT('',(-0.035575,0.003,-0.022075));
#5442=CARTESIAN_POINT('',(-0.035575,0.003,-0.022075));
#5443=CARTESIAN_POINT('',(-0.035075,0.003,-0.022075));
#5444=CARTESIAN_POINT('',(0.002525,0.003,0.028575));
#5445=CARTESIAN_POINT('',(0.002525,0.003,0.028575));
#5446=CARTESIAN_POINT('',(-0.016525,0.003,0.028575));
#5447=CARTESIAN_POINT('',(-0.016525,0.003,0.028575));
#5448=CARTESIAN_POINT('',(-0.035575,0.003,0.028575));
#5449=CARTESIAN_POINT('',(-0.035575,0.003,0.028575));
#5450=CARTESIAN_POINT('',(0.021575,0.003,0.009525));
#5451=CARTESIAN_POINT('',(0.021575,0.003,0.009525));
#5452=CARTESIAN_POINT('',(0.002525,0.003,0.009525));
#5453=CARTESIAN_POINT('',(0.002525,0.003,0.009525));
#5454=CARTESIAN_POINT('',(-0.016525,0.003,0.009525));
#5455=CARTESIAN_POINT('',(-0.016525,0.003,0.009525));
#5456=CARTESIAN_POINT('',(-0.035575,0.003,0.009525));
#5457=CARTESIAN_POINT('',(-0.035575,0.003,0.009525));
#5458=CARTESIAN_POINT('',(0.021575,0.003,-0.009525));
#5459=CARTESIAN_POINT('',(0.021575,0.003,-0.009525));
#5460=CARTESIAN_POINT('',(0.002525,0.003,-0.009525));
#5461=CARTESIAN_POINT('',(0.002525,0.003,-0.009525));
#5462=CARTESIAN_POINT('',(-0.016525,0.003,-0.009525));
#5463=CARTESIAN_POINT('',(-0.016525,0.003,-0.009525));
#5464=CARTESIAN_POINT('',(-0.035575,0.003,-0.009525));
#5465=CARTESIAN_POINT('',(-0.035575,0.003,-0.009525));
#5466=CARTESIAN_POINT('',(0.021575,0.003,-0.028575));
#5467=CARTESIAN_POINT('',(0.021575,0.003,-0.028575));
#5468=CARTESIAN_POINT('',(0.002525,0.003,-0.028575));
#5469=CARTESIAN_POINT('',(0.002525,0.003,-0.028575));
#5470=CARTESIAN_POINT('',(-0.016525,0.003,-0.028575));
#5471=CARTESIAN_POINT('',(-0.016525,0.003,-0.028575));
#5472=CARTESIAN_POINT('',(-0.035575,0.003,-0.028575));
#5473=CARTESIAN_POINT('',(-0.035575,0.003,-0.028575));
#5474=CARTESIAN_POINT('',(0.021575,0.003,0.028575));
#5475=CARTESIAN_POINT('',(0.021575,0.003,0.028575));
#5476=CARTESIAN_POINT('',(0.04935,0.003,0.));
#5477=CARTESIAN_POINT('',(0.,0.003,0.0381));
#5478=CARTESIAN_POINT('',(-0.0381,0.003,0.0381));
#5479=CARTESIAN_POINT('',(0.0381,0.003,0.0381));
#5480=CARTESIAN_POINT('',(0.0381,0.003,0.));
#5481=CARTESIAN_POINT('',(0.0381,0.003,-0.0381));
#5482=CARTESIAN_POINT('',(0.,0.003,-0.0381));
#5483=CARTESIAN_POINT('',(-0.0381,0.003,-0.0381));
#5484=CARTESIAN_POINT('',(-0.0381,0.003,0.));
#5485=CARTESIAN_POINT('',(-0.037736038969321,0.003,-0.037736038969321));
#5486=CARTESIAN_POINT('',(-0.0381,0.003,-0.0441));
#5487=CARTESIAN_POINT('',(0.136436038969321,0.003,-0.0377360389693211));
#5488=CARTESIAN_POINT('',(0.1368,0.003,-0.0441));
#5489=CARTESIAN_POINT('',(0.1393,0.003,-0.0406));
#5490=CARTESIAN_POINT('',(-0.0406,0.003,-0.0406));
#5491=CARTESIAN_POINT('',(0.04935,0.003,-0.0441));
#5492=CARTESIAN_POINT('',(0.,0.008,0.0381));
#5493=CARTESIAN_POINT('',(-0.0381,0.008,0.0381));
#5494=CARTESIAN_POINT('',(0.0381,0.008,0.0381));
#5495=CARTESIAN_POINT('',(-0.0381,0.008,0.));
#5496=CARTESIAN_POINT('',(-0.0381,0.008,-0.0381));
#5497=CARTESIAN_POINT('',(0.,0.008,-0.0381));
#5498=CARTESIAN_POINT('',(0.0381,0.008,-0.0381));
#5499=CARTESIAN_POINT('',(0.0381,0.008,0.));
#5500=CARTESIAN_POINT('',(0.0883,0.006,0.0381));
#5501=CARTESIAN_POINT('',(0.0398,0.006,0.0381));
#5502=CARTESIAN_POINT('',(0.1368,0.006,0.0381));
#5503=CARTESIAN_POINT('',(0.0398,0.006,-2.77555756156289E-17));
#5504=CARTESIAN_POINT('',(0.0398,0.006,-0.0381));
#5505=CARTESIAN_POINT('',(0.0883,0.006,-0.0381));
#5506=CARTESIAN_POINT('',(0.1368,0.006,-0.0381));
#5507=CARTESIAN_POINT('',(0.1368,0.006,-1.38777878078145E-17));
#5508=CARTESIAN_POINT('',(0.1173,-0.017,-0.0341));
#5509=CARTESIAN_POINT('',(0.1348,-0.017,-0.0341));
#5510=CARTESIAN_POINT('',(0.0998,-0.017,-0.0341));
#5511=CARTESIAN_POINT('',(0.0998,-0.017,-2.08166817117217E-17));
#5512=CARTESIAN_POINT('',(0.0998,-0.017,0.0341));
#5513=CARTESIAN_POINT('',(0.1173,-0.017,0.0341));
#5514=CARTESIAN_POINT('',(0.1348,-0.017,0.0341));
#5515=CARTESIAN_POINT('',(0.1348,-0.017,-2.08166817117217E-17));
#5516=CARTESIAN_POINT('',(-0.0441,-0.0269473566580556,0.0379231342260056));
#5517=CARTESIAN_POINT('',(-0.0441,-0.0612820323027551,0.0181));
#5518=CARTESIAN_POINT('',(-0.0441,-0.0306410161513776,0.0404094010767584));
#5519=CARTESIAN_POINT('',(-0.0441,0.002,0.0592547005383792));
#5520=CARTESIAN_POINT('',(-0.0441,-0.0632820323027551,0.0215641016151377));
#5521=CARTESIAN_POINT('',(-0.0441,-0.0622820323027551,0.0198320508075688));
#5522=CARTESIAN_POINT('',(-0.0441,0.00366620188481833,0.0548309511219084));
#5523=MECHANICAL_DESIGN_GEOMETRIC_PRESENTATION_REPRESENTATION('',(#3304),
#5524);
#5524=(
GEOMETRIC_REPRESENTATION_CONTEXT(3)
GLOBAL_UNCERTAINTY_ASSIGNED_CONTEXT((#5525))
GLOBAL_UNIT_ASSIGNED_CONTEXT((#5528,#5527,#5526))
REPRESENTATION_CONTEXT('Part 1','TOP_LEVEL_ASSEMBLY_PART')
);
#5525=UNCERTAINTY_MEASURE_WITH_UNIT(LENGTH_MEASURE(1.E-8),#5528,
'DISTANCE_ACCURACY_VALUE','Maximum Tolerance applied to model');
#5526=(
NAMED_UNIT(*)
SI_UNIT($,.STERADIAN.)
SOLID_ANGLE_UNIT()
);
#5527=(
NAMED_UNIT(*)
PLANE_ANGLE_UNIT()
SI_UNIT($,.RADIAN.)
);
#5528=(
LENGTH_UNIT()
NAMED_UNIT(*)
SI_UNIT($,.METRE.)
);
#5529=PRODUCT_DEFINITION_SHAPE('','',#5530);
#5530=PRODUCT_DEFINITION('','',#5532,#5531);
#5531=PRODUCT_DEFINITION_CONTEXT('',#5538,'design');
#5532=PRODUCT_DEFINITION_FORMATION_WITH_SPECIFIED_SOURCE('','',#5534,
 .NOT_KNOWN.);
#5533=PRODUCT_RELATED_PRODUCT_CATEGORY('','',(#5534));
#5534=PRODUCT('Part 1','Part 1','Part 1',(#5536));
#5535=PRODUCT_CATEGORY('','');
#5536=PRODUCT_CONTEXT('',#5538,'mechanical');
#5537=APPLICATION_PROTOCOL_DEFINITION('international standard',
'ap242_managed_model_based_3d_engineering',2020,#5538);
#5538=APPLICATION_CONTEXT('managed model based 3d engineering');
ENDSEC;
END-ISO-10303-21;
